visitor,tourism,business,official affairs,studying,others,age0-20,age21-30,age31-40,age41-50,age51-60,age61
392814,320113,2993,138,8793,60777,36520,108591,103657,48574,40893,40998
206526,198805,2233,127,785,4576,18015,57921,34165,39811,33857,20330
87954,86393,74,22,180,1285,18888,17927,18595,18862,8169,4566
35896,34653,59,2,90,1092,3890,11384,7400,5461,4629,2137
2570,2506,2,0,17,45,223,1013,762,264,181,92
30473,14279,211,161,184,15638,1436,5051,5486,3140,1831,811
18842,14183,136,38,187,4298,2732,4213,3643,2895,1488,613
41334,34004,37,199,96,6998,3310,10977,10551,5821,3403,1873
20183,10739,763,110,1667,6904,1824,5484,4200,1963,1095,450
8671,2318,2656,46,177,3474,258,1421,2310,1322,522,197
22065,19043,95,7,99,2821,2923,6643,4546,2689,1946,769
9855,8372,94,8,48,1333,670,2276,2044,1771,1342,522
9785,8358,77,304,484,562,1551,1807,2840,2105,970,465
5754,1958,561,0,407,2828,233,1614,1896,949,394,203
5289,1304,10,31,67,3877,27,1070,994,324,108,17
1776,1550,37,14,72,103,247,477,521,289,140,70
3574,2185,24,7,92,1266,343,928,857,479,402,260
1785,792,13,32,36,912,57,239,300,206,89,24
2695,635,39,55,51,1915,124,1392,685,109,58,28
1287,157,54,5,28,1043,13,373,550,151,31,8
1247,149,126,27,97,848,26,342,403,123,48,12
1032,238,178,10,193,413,62,328,378,147,67,17
805,727,12,0,9,57,19,80,170,223,120,178
184,60,45,10,23,46,9,30,73,39,12,6
4554,1561,308,70,205,2410,247,1605,1349,500,209,108
62737,42989,418,2578,229,16523,5601,10672,10618,10137,11530,8972
12460,8034,57,30,43,4296,959,2190,2299,1847,2184,1722
1605,1136,16,9,41,403,215,389,357,213,92,53
1853,1282,11,7,38,515,153,388,353,239,174,88
2266,1541,24,33,128,540,195,666,491,248,159,110
25194,17260,181,37,191,7525,2569,4480,5325,3866,2520,1299
10148,7982,175,17,41,1933,923,1669,1801,1682,1695,1623
6850,4925,278,19,177,1451,357,1074,1414,1217,1377,502
5574,3773,297,48,288,1168,437,1316,1151,1135,704,238
2731,1968,83,17,40,623,79,369,581,651,417,155
2269,1592,47,16,77,537,108,472,319,398,394,133
2262,593,58,3,28,1580,36,275,243,132,118,34
1368,1010,36,15,52,255,61,312,348,281,154,58
872,412,8,4,3,445,57,92,128,89,65,13
801,552,66,4,28,151,41,168,139,139,144,57
982,844,29,6,18,85,69,217,187,206,196,69
1324,713,10,0,27,574,35,214,284,168,61,39
747,613,18,0,19,97,41,166,120,128,164,81
564,416,14,0,13,121,27,142,119,88,73,18
776,544,8,2,13,209,33,151,144,129,114,78
859,412,23,1,18,405,20,127,116,100,82,24
709,490,24,4,22,169,28,134,142,133,129,39
491,226,12,0,3,250,6,57,74,58,46,12
775,481,17,4,0,273,7,95,164,130,72,51
431,154,1,1,10,265,3,38,49,46,28,15
751,520,21,6,16,188,56,130,101,168,124,52
595,392,15,1,2,185,23,140,151,105,77,46
2965,1809,44,25,91,996,187,533,556,428,261,144
14285,12795,93,17,34,1346,3194,3154,2068,2471,1937,1165
2725,2029,20,17,5,654,438,611,484,350,442,239
614,555,3,4,0,52,68,124,199,106,48,27
1000,368,9,1,6,616,36,371,236,94,59,47
2690,768,718,90,206,908,68,630,671,403,186,51
54,33,4,0,1,16,1,10,10,14,4,2
15526,0,0,0,0,15526,439,1163,1618,3202,4785,4319
453379,324291,2694,143,38731,87520,33333,136272,122438,64289,51696,35050
213200,204697,2125,119,2084,4175,26804,75150,29004,33255,29288,17457
94559,92276,105,20,908,1250,15862,22177,20705,17971,11158,5887
51312,49695,54,3,489,1071,9786,8163,9141,11687,7666,3943
3966,3890,1,0,33,42,830,954,848,637,374,286
29294,15541,171,57,189,13336,1180,4784,5551,3271,1991,980
18115,12172,147,72,697,5027,1685,4133,3733,2652,1612,613
39220,32074,56,180,332,6578,2211,10257,11089,5719,3213,1843
42181,20071,806,98,9324,11882,6076,14050,9178,4455,2580,1156
8309,2372,2303,102,360,3172,238,1610,2346,1284,479,177
27484,24047,136,2,604,2695,4445,7261,5212,3630,3141,1511
9792,8228,114,6,257,1187,735,2124,1987,1749,1386,738
9176,6670,109,314,1152,931,952,1934,2819,2055,990,384
7149,2165,716,5,1217,3046,417,2255,2217,1145,441,231
5367,1107,13,25,231,3991,68,1399,1074,319,94,27
1478,1143,27,9,192,107,162,432,456,198,134,64
3774,1924,21,3,404,1422,455,1027,896,555,330,231
1765,664,13,29,151,908,40,314,259,171,71,48
3715,1473,53,92,147,1950,255,1543,1094,223,170,158
1516,241,52,0,48,1175,9,469,661,148,60,14
1656,228,83,38,265,1042,61,529,568,142,45,16
1439,257,290,11,463,418,89,568,474,196,69,18
761,694,15,1,14,37,25,78,132,177,116,227
329,99,67,5,64,94,11,65,118,53,28,6
5150,1635,383,157,537,2438,288,1785,1593,606,282,118
57732,38475,386,1970,1144,15757,4516,9527,9919,9187,10502,9602
13551,8888,45,27,116,4475,1080,2490,2457,1811,2370,2205
1354,881,12,13,101,347,114,392,292,182,86,44
1435,818,1,7,207,402,51,408,290,149,105,60
2308,1578,19,24,257,430,178,759,472,256,183,119
20001,12512,139,24,391,6935,1329,4123,4137,2972,1994,1106
7876,5864,150,8,105,1749,353,1736,1474,1248,1284,1141
6866,4878,258,15,525,1190,288,1514,1306,1210,1213,571
5830,3685,235,30,958,922,527,1793,1049,939,671,290
2384,1685,52,14,125,508,58,389,494,519,387,127
2357,1580,33,7,180,557,120,420,340,328,349,324
2080,543,51,2,57,1427,49,355,242,150,101,17
1373,1006,17,5,129,216,38,374,316,301,130,80
771,334,4,4,30,399,5,102,121,83,49,21
577,455,38,3,45,36,43,174,101,73,109,61
927,729,19,9,91,79,64,249,157,178,164,70
1266,619,14,0,74,559,33,269,222,132,69,23
877,710,17,0,67,83,50,239,144,146,163,81
670,545,5,0,19,101,67,130,131,110,90,59
746,561,9,7,36,133,22,188,144,120,117,61
933,398,10,1,139,385,34,212,101,101,86,32
654,452,16,2,41,143,20,149,102,116,110,59
447,192,7,1,11,236,5,48,55,61,41,9
607,381,27,0,5,194,14,80,144,95,67,42
326,146,0,1,15,164,5,40,42,43,28,15
694,469,12,5,77,131,42,177,102,112,114,48
613,389,7,0,14,203,31,158,160,103,71,41
2674,1579,24,15,245,811,156,626,458,352,209,160
8331,6836,73,31,119,1272,896,1952,1535,1498,1234,901
1863,1221,14,5,11,612,179,382,397,259,311,200
428,325,0,5,2,96,12,94,97,65,41,32
1191,374,6,5,8,798,27,567,261,105,67,38
3476,1142,806,58,520,950,125,850,864,591,324,98
39,24,1,0,3,11,2,7,8,5,6,5
14459,0,0,0,0,14459,384,1166,1447,2776,4571,4115
487623,369165,3933,414,32532,81579,14459,137271,133971,64975,63774,60503
375119,367157,2108,126,1231,4497,81364,112727,42342,59631,47010,29468
98510,96643,64,12,460,1331,7613,24934,25101,17349,13044,9490
46068,44679,61,5,265,1058,1597,10351,10333,8226,8773,5863
3049,2974,2,0,41,32,60,976,905,440,413,230
38701,21542,166,119,108,16766,1989,6297,6541,4162,2664,1763
25626,18857,242,135,277,6115,2083,5810,5720,3888,2456,1263
53100,45605,66,397,136,6896,5577,12550,13698,8230,4641,2789
46991,32117,1047,186,5394,8247,4480,11937,10998,6360,5388,2599
10646,3051,3283,52,197,4063,342,1735,2756,1563,681,389
40789,37653,107,7,286,2736,5697,10012,8560,5923,5211,2915
22105,20524,161,7,49,1364,3822,4375,3731,3731,3201,1992
8724,6691,119,383,967,564,816,1776,2643,2120,997,327
8405,3150,896,0,863,3496,451,2414,2742,1398,587,334
7021,2026,17,52,102,4824,118,1687,1376,469,221,71
3021,2758,22,19,135,87,633,775,773,405,278,120
4915,3202,11,3,178,1521,561,1241,1093,806,577,332
2532,1369,15,73,38,1037,54,385,545,316,147,101
2501,752,43,107,38,1561,109,1260,752,133,88,76
1494,177,53,11,28,1225,26,539,523,118,49,18
1704,206,148,107,230,1013,62,624,493,186,85,23
1282,285,233,14,256,494,61,470,413,184,85,15
1613,1549,11,1,1,51,31,159,224,296,290,603
382,195,95,8,30,54,30,60,134,76,31,28
6719,2759,547,241,402,2770,470,2435,1957,789,439,184
84275,65448,400,2221,190,16016,7736,12709,14323,13477,15237,15631
18670,14313,42,38,37,4240,2092,2557,3293,2901,3094,3530
1673,1250,19,15,21,368,116,347,426,235,139,120
2201,1663,7,1,18,512,90,437,528,283,228,172
3208,2299,22,27,79,781,134,776,789,404,264,193
27992,20692,141,13,182,6964,2909,5430,6403,4511,2850,1519
12813,11064,126,13,50,1560,415,1983,2151,1966,2182,3244
11142,9496,219,29,106,1292,468,2076,2139,1853,2064,1707
7469,5824,274,60,245,1066,436,1776,1610,1484,978,585
3583,2931,64,10,33,545,81,528,844,874,583,229
2898,2219,47,12,20,600,92,463,495,463,513,399
2368,630,95,6,17,1620,58,318,298,176,114,40
2007,1675,21,10,36,265,44,443,562,490,206,112
1044,494,5,3,2,540,29,100,177,106,79,28
858,723,37,1,24,73,92,199,146,143,162,76
1458,1261,30,9,47,111,85,332,264,307,266,154
1960,1264,8,1,21,666,38,351,477,245,129,98
1224,1054,13,1,21,135,49,215,226,209,239,237
824,686,2,0,8,128,18,153,203,163,125,65
911,740,9,0,5,157,20,150,212,161,163,96
1082,641,17,3,15,406,39,161,138,171,144,43
1400,1161,16,20,9,194,34,189,275,266,312,219
489,211,11,1,3,263,4,53,76,56,39,15
803,509,13,10,1,270,16,91,163,113,117,44
455,212,3,1,3,236,16,44,66,56,32,15
1001,813,11,5,10,162,64,198,153,181,166,116
724,587,7,2,5,123,21,150,153,132,115,95
3300,2105,31,18,67,1079,107,580,647,532,272,194
12263,10769,99,31,13,1351,974,1504,2078,2083,2040,3260
2451,1800,24,4,2,621,188,363,499,366,482,411
430,331,2,6,2,89,20,79,99,79,48,22
945,488,5,2,6,444,30,276,192,110,93,71
3798,1267,831,87,259,1354,136,729,924,595,294,100
57,38,2,0,0,17,0,8,10,9,9,7
19225,0,0,0,0,19225,918,1336,1901,4011,5402,5657
493250,410542,3575,362,9959,68812,16492,134102,139617,65302,62969,61204
290092,283101,1584,126,333,4948,28550,73721,49370,53623,45116,36773
113072,111505,73,13,147,1334,9518,23691,28047,20239,16531,14028
76104,75074,47,2,90,891,12113,12084,14315,15750,12675,8376
4310,4292,1,1,3,13,375,1188,1196,575,558,418
66525,43794,228,167,45,22291,7525,9875,10284,8410,5904,4280
31427,22596,225,207,54,8345,2137,6622,6488,4424,3222,1830
69726,61999,53,401,55,7218,7710,17390,17251,10301,7013,4423
63169,51939,1271,283,1284,8392,4636,14925,16384,9377,7854,4688
12933,4088,3039,53,75,5678,490,1707,2829,1641,821,481
43726,40894,120,4,27,2681,3801,10929,9100,6077,6478,4908
23307,21814,116,1,19,1357,1914,5364,4648,3715,3616,2784
7582,6389,83,299,248,563,762,1292,2457,1881,858,292
7378,3270,651,4,109,3344,197,1837,2480,1366,564,376
7272,2716,13,62,17,4464,285,1557,1245,578,369,196
3265,3115,24,17,34,75,516,864,914,470,334,137
4618,3129,20,11,17,1441,391,1191,1151,689,520,364
2826,1687,12,142,13,972,71,395,522,385,283,243
5325,2028,63,112,18,3104,500,2730,1226,341,268,260
1478,313,72,6,8,1079,63,464,474,146,73,24
1318,275,137,125,49,732,35,336,402,155,99,24
1218,361,315,36,66,440,46,300,399,241,111,30
2221,2161,11,0,2,47,143,215,269,287,310,987
298,148,79,5,12,54,9,39,114,66,43,10
6762,3247,484,200,64,2767,417,2249,1806,884,542,249
102524,83521,352,3763,113,14775,10481,13435,16627,15013,17478,23933
21361,17275,44,43,15,3984,1760,4313,3657,2745,3479,4066
2212,1752,15,16,5,424,108,389,525,296,228,322
3298,2722,7,7,15,547,328,632,720,456,331,310
4422,3292,34,44,19,1033,155,898,1007,566,441,435
34205,25342,166,25,41,8631,2794,6918,7501,5078,3591,1853
16707,14760,141,19,18,1769,1333,2814,3063,2227,2545,3658
12873,10819,212,28,84,1730,1172,2083,2532,2003,2218,1590
11616,10034,224,40,164,1154,1349,2707,2356,1914,1449,1108
4381,3238,46,18,12,1067,202,586,892,876,598,281
4089,3452,48,8,12,569,378,736,665,640,722,498
2574,799,76,7,8,1684,58,343,321,223,117,34
2678,2314,20,14,29,301,155,618,680,523,336,165
1323,721,6,3,1,592,35,180,243,135,96,61
1489,1382,29,3,8,67,134,472,275,204,192,181
2188,2007,18,16,22,125,227,563,453,360,263,245
2301,1615,9,7,11,659,124,400,492,330,166,172
2236,2068,15,9,11,133,265,456,408,325,364,354
1192,1052,5,0,2,133,96,187,283,199,152,164
1140,935,9,1,9,186,60,242,224,188,154,118
1275,854,8,2,27,384,85,219,182,178,146,91
1490,1313,20,5,8,144,138,339,242,255,264,161
578,255,7,0,1,315,11,49,84,65,44,20
798,501,15,0,0,282,44,71,167,132,77,38
742,323,4,2,2,411,26,72,96,82,47,19
1387,1196,16,10,14,151,191,331,206,210,201,135
986,855,4,0,1,126,54,226,229,171,118,109
4333,3032,54,30,24,1193,184,759,919,591,412,336
19938,18581,77,67,13,1200,2607,2517,3298,2990,2759,5427
3802,3189,19,11,2,581,473,629,674,473,647,746
471,343,3,8,13,104,26,80,99,88,50,29
1159,676,7,1,1,474,33,299,215,146,108,101
3858,1797,786,68,70,1137,132,703,923,703,356,119
64,48,2,0,0,14,2,4,17,11,9,12
20174,0,0,0,0,20174,443,1260,2035,3906,5741,6789
500413,413949,4034,534,14003,67893,17011,138797,141104,66171,63504,58996
286273,279174,2019,91,715,4274,20144,71069,47535,51611,47821,45462
101779,100004,84,11,234,1446,10262,21375,25044,18819,13791,11481
57026,55756,56,2,147,1065,5934,13256,10654,9285,10340,6612
2909,2885,1,0,13,10,182,924,853,368,365,216
50569,29015,201,176,56,21121,5084,6991,7129,5841,3647,2491
18936,11464,154,152,75,7091,1662,3677,3053,2189,1472,1001
52660,45671,61,445,71,6412,4348,15554,12607,7457,4588,2623
44416,32528,1073,368,2338,8109,4331,10596,10812,6071,4813,2431
13858,4483,2896,99,92,6288,539,1892,2822,1716,823,431
31217,28485,116,1,57,2558,3527,7075,6795,4640,3959,2900
20114,18448,152,2,71,1441,1705,4983,3656,3311,3146,2022
8014,6742,95,283,390,504,648,1390,2591,2037,988,318
6839,3055,830,3,152,2799,239,1706,2403,1186,505,299
6556,1990,17,83,33,4433,132,1395,1221,515,248,89
930,819,21,2,51,37,126,287,243,144,69,38
4585,3349,15,9,38,1174,494,1263,1087,651,461,339
2492,1334,12,78,45,1023,40,376,506,332,148,93
4236,1484,44,144,22,2542,218,2164,1210,257,204,177
1538,251,64,2,7,1214,10,429,606,160,80,31
1225,242,102,106,30,745,39,315,384,168,60,15
854,290,180,19,62,303,68,194,270,160,75,31
1409,1331,9,0,3,66,38,251,243,284,218,365
271,146,62,5,13,45,15,44,109,55,26,9
4786,1953,348,214,61,2210,223,1513,1423,615,299,164
95815,76044,368,3153,308,15942,10775,17360,14919,13668,16001,17242
19439,15237,47,27,49,4079,1511,5140,3135,2421,3254,2702
2054,1550,18,14,15,457,103,389,504,299,196,169
2565,1934,3,13,68,547,99,532,557,315,328,226
3646,2779,29,36,48,754,103,814,919,500,331,325
32955,24861,165,39,87,7803,3189,6583,7569,4882,3353,1613
11522,9737,137,16,44,1588,446,2383,2371,1794,1946,1624
10103,8262,220,23,213,1385,427,1748,2307,1770,1810,998
10395,8254,267,54,430,1390,620,2571,2027,1683,1352,1220
4856,3400,61,19,54,1322,82,594,892,995,669,396
3348,2737,31,5,57,518,166,717,586,584,540,344
2397,698,89,2,10,1598,51,299,293,176,126,42
2403,2032,20,17,64,270,70,496,576,547,269,258
1122,542,4,1,8,567,8,127,215,110,76,26
820,716,19,0,32,53,36,171,154,162,156,109
1655,1485,24,8,36,102,86,435,334,294,270,167
2259,1489,10,3,26,731,52,382,568,320,141,119
1585,1434,22,1,30,98,68,332,294,290,303,240
916,749,12,0,6,149,32,161,217,173,120,80
992,800,4,3,14,171,22,214,230,169,137,99
1329,864,12,7,57,389,48,306,178,195,159,65
1245,1012,21,4,23,185,16,257,245,247,219,128
569,252,5,1,2,309,8,48,89,66,36,23
749,495,21,2,1,230,16,87,155,136,96,50
639,330,3,2,2,302,11,70,84,89,59,39
1181,979,14,11,29,148,86,264,187,218,229,89
752,619,14,2,1,116,20,207,159,143,93,67
3962,2495,44,22,55,1346,134,695,797,575,302,223
13558,12114,77,46,50,1271,972,1808,2442,2294,2282,3446
3172,2550,21,8,3,590,234,469,574,397,649,706
638,499,2,10,6,121,39,124,127,127,71,39
1064,513,9,7,2,533,15,243,174,120,95,48
3214,1208,578,72,93,1263,91,506,691,484,298,104
72,44,3,0,0,25,4,7,19,7,10,6
18788,0,0,0,0,18788,322,1285,1856,3575,5606,6144
475007,395196,3743,399,14680,60989,27351,138838,133662,60406,54228,47686
282476,275286,1901,136,771,4382,18006,77298,51694,51452,45179,36174
118437,116323,84,24,719,1287,19121,26305,26066,22281,13404,10350
61728,60526,46,2,280,874,9344,14229,10823,10073,10151,6341
3622,3556,1,0,55,10,479,1268,883,417,352,223
40748,22430,174,166,80,17898,3371,6607,6006,4561,2868,1641
27880,19928,182,346,223,7201,5310,5677,4581,4066,2391,1561
37684,30596,61,308,115,6604,2392,11601,8936,4711,2916,1646
58339,45005,1098,542,3490,8204,10409,11320,12393,9385,6434,3113
13249,4892,3084,194,121,4958,749,2171,3089,1867,839,332
25538,22652,121,5,139,2621,3317,6290,5083,3826,2943,1926
24743,23162,128,11,50,1392,4952,5511,3490,4619,2808,2096
9244,7647,74,284,584,655,1520,1717,2922,1942,847,259
7295,3429,862,5,197,2802,490,1871,2397,1295,480,280
6303,1621,15,154,71,4442,107,1404,1102,393,185,64
4736,4318,42,12,112,252,897,1109,1341,651,427,155
4829,3472,13,2,98,1244,836,1315,1014,727,373,250
2835,1613,6,137,37,1042,160,490,554,353,167,130
3733,1274,48,192,30,2189,198,1966,1027,263,174,104
1819,245,76,5,14,1479,24,746,540,152,57,26
1260,237,144,93,41,745,56,366,381,148,74,21
979,356,228,29,61,305,83,275,318,182,76,22
940,879,10,1,1,49,28,164,225,238,160,115
384,252,52,8,16,56,18,71,141,71,43,16
6396,2797,456,360,133,2650,428,2333,1798,796,469,173
105398,86508,367,3470,350,14703,25567,16732,13859,17788,15491,10452
16133,12012,38,26,46,4011,2206,3547,2573,2299,2469,1723
1924,1481,19,23,18,383,146,442,470,310,154,108
2361,1821,7,3,47,483,245,624,378,306,225,127
3370,2732,14,41,47,536,259,941,799,463,272,178
28666,21774,175,33,110,6574,5006,5402,5961,4069,2345,1327
11155,9538,129,10,46,1432,932,2745,1965,1643,1795,1278
8947,7284,209,25,160,1269,817,1592,1821,1615,1540,648
8559,6915,229,25,297,1093,765,2493,1513,1336,1005,648
4136,3039,47,13,68,969,242,630,747,820,577,280
2900,2252,41,4,35,568,174,641,514,494,433,213
1941,606,83,3,21,1228,87,257,249,146,87,27
2590,2238,27,7,51,267,225,551,583,547,295,239
984,524,9,7,5,439,22,124,191,110,72,38
1156,1069,27,0,11,49,229,313,176,182,144,85
2079,1926,26,9,31,87,394,608,272,364,290,89
2201,1479,12,0,20,690,157,434,443,291,161,83
1239,1132,19,3,14,71,119,299,217,213,217,132
868,751,5,0,2,110,68,180,213,161,109,40
889,743,6,1,12,127,56,174,183,155,147,74
1338,946,9,1,36,346,211,251,184,195,125,40
1181,986,19,1,10,165,89,259,212,216,176,105
403,207,2,0,1,193,5,41,76,54,27,14
765,508,18,1,3,235,26,83,165,117,86,69
448,215,1,1,0,231,7,59,73,48,32,7
939,767,7,8,27,130,77,257,132,179,153,54
820,682,6,5,7,120,64,226,180,153,98,42
3519,2213,46,32,47,1181,233,712,707,520,234,106
13201,11804,77,61,57,1202,1811,2065,2129,2421,2112,2390
3547,2949,12,15,1,570,504,550,641,529,595,582
604,503,4,9,1,87,42,118,121,103,95,44
973,689,3,7,3,271,66,301,200,128,101,43
3625,1822,662,68,116,957,165,763,927,620,337,148
44,33,2,0,0,9,2,5,11,10,6,3
17111,0,0,0,0,17111,459,1284,1890,3982,4906,4590
519132,439699,3587,356,10847,64643,73000,136470,132334,67717,50810,45511
274830,267816,1855,149,694,4316,29935,74999,45684,51048,41920,28827
113587,112231,75,22,184,1075,30750,16713,20271,25784,11140,8216
59036,57868,50,1,212,905,14776,10055,9485,11751,7629,4578
5246,5207,1,0,23,15,1575,1162,1090,693,407,319
29074,13795,160,171,121,14827,1651,4215,3960,2964,1854,907
18260,11279,146,255,230,6350,2333,4187,3404,2519,1346,539
37278,30132,58,230,108,6750,2711,11238,8904,4717,2683,1510
52521,39404,1049,348,3062,8658,8985,11103,10993,8094,5436,2643
10432,3509,2828,51,142,3902,448,1688,2524,1576,668,300
16831,14055,124,8,128,2516,1730,4669,3599,2300,1561,764
10992,9392,138,6,43,1413,701,2800,1899,2088,1580,615
8766,6941,78,233,740,774,1666,1928,2372,1760,758,243
7405,3444,600,1,336,3024,555,2050,2306,1247,442,253
5421,1657,12,114,72,3566,105,1106,965,367,173,43
4638,4494,5,13,40,86,1554,1064,849,621,377,130
4953,3612,11,4,81,1245,995,1349,1034,607,387,239
2962,1684,18,34,34,1192,202,532,514,378,151,57
2565,961,56,141,51,1356,283,1240,633,181,135,90
1355,241,54,3,38,1019,54,496,468,121,42,18
1196,221,135,119,72,649,65,326,347,162,88,21
1087,389,212,27,114,345,115,256,373,190,93,26
1320,1274,8,4,4,30,201,217,252,278,216,155
318,178,57,11,26,46,43,42,110,59,35,13
5878,2541,471,163,229,2474,620,2007,1566,750,331,133
97428,77224,359,3486,190,16169,23904,15300,13328,16637,14065,8381
16103,11868,36,37,51,4111,3506,2979,2300,2643,2184,1169
1979,1582,16,10,29,342,282,463,426,284,160,97
3253,2669,8,4,81,491,598,903,488,395,290,137
3494,2823,21,44,104,502,516,935,727,446,300,177
28421,21331,164,43,109,6774,5628,5966,5151,3540,2292,1146
10826,9208,128,14,44,1432,1878,2290,1871,1764,1583,750
9675,7953,211,29,109,1373,1594,1740,1731,1658,1579,441
10716,9121,207,48,217,1123,2300,2695,1738,1632,1138,380
4388,3259,62,13,36,1018,337,716,811,893,625,188
4141,3500,49,10,43,539,795,1072,468,606,592,180
2230,813,100,5,31,1281,114,364,309,183,117,32
3066,2709,18,20,35,284,368,746,646,626,344,158
945,503,8,1,6,427,57,142,163,99,65,12
1494,1398,19,4,18,55,332,396,202,248,211,78
1727,1558,19,6,13,131,293,516,275,292,205,73
1954,1330,12,1,24,587,231,408,349,255,117,56
2029,1921,13,4,15,76,460,532,272,285,306,123
957,850,5,1,6,95,160,203,182,178,113,51
1174,1000,6,0,17,151,180,259,210,182,149,85
1013,622,8,0,14,369,119,197,122,117,81,20
1549,1374,15,1,13,146,295,429,216,236,208,62
455,289,3,0,2,161,13,73,89,72,39,18
799,569,11,5,1,213,76,118,133,132,97,48
543,311,2,3,8,219,51,78,69,85,42,13
1507,1348,8,10,15,126,312,423,162,247,207,68
806,658,6,2,2,138,109,232,143,129,96,40
4106,2858,36,47,57,1108,537,1077,652,516,245,105
11840,10403,79,40,40,1278,2220,2087,2012,2255,1658,1310
2799,2176,14,5,5,599,466,462,508,412,449,359
566,464,4,9,8,81,62,131,108,84,82,30
933,647,4,3,4,275,60,278,183,123,116,59
4423,2364,719,94,190,1056,328,1072,969,719,414,120
58,40,0,0,1,17,6,9,7,9,10,4
15587,0,0,0,0,15587,646,1183,1702,3842,4375,3839
578112,451570,3625,388,44291,78238,78339,160089,142873,76689,57236,46840
329652,318985,2195,165,2957,5350,73005,86736,44324,56869,40649,25113
109273,106682,73,17,1088,1413,27979,20487,19175,22826,11041,6752
65958,64438,74,6,474,966,17324,10910,9862,13538,8452,5022
6321,6258,3,0,49,11,1892,1247,1254,944,549,434
41817,13342,144,157,305,27869,1166,4750,5078,3102,1809,860
18210,8337,103,262,814,8694,1202,4007,2885,1896,1160,491
32830,24857,50,318,423,7182,2071,9056,7269,4133,2621,1754
43583,28562,1020,245,4152,9604,5706,10881,9670,5962,4391,1906
17001,3870,2850,114,341,9826,503,2057,2938,1596,708,334
20520,16892,115,13,690,2810,2717,5781,3784,2816,1941,1052
13008,11003,206,8,367,1424,798,3102,2547,2282,1865,1117
9626,5984,106,228,1762,1546,1954,2418,2557,1647,757,241
7983,2707,590,9,1379,3298,923,2441,2298,1127,446,229
5523,1373,9,80,212,3849,113,1221,1048,351,137,43
5285,4922,15,19,178,151,1559,1524,1053,550,419,133
4948,2810,14,20,611,1493,971,1417,965,647,372,224
3015,1625,17,45,212,1116,244,710,488,326,150,57
2619,1008,51,137,158,1265,205,1178,815,173,110,138
1916,401,47,7,84,1377,31,591,618,172,67,23
1868,381,142,89,271,985,98,611,604,212,101,33
1191,315,181,22,340,333,82,457,388,121,84,20
1110,1029,10,1,17,53,155,255,163,235,166,133
526,348,29,7,63,79,107,114,157,76,44,15
6449,2715,397,209,799,2329,748,2169,1731,774,374,140
86586,62072,450,3224,1552,19288,13912,16819,13577,13230,12918,9952
16700,11304,43,34,175,5144,2530,3744,2655,2403,2375,1341
2188,1587,21,13,98,469,241,475,490,298,155,139
2809,1862,11,12,235,689,249,687,482,359,243,138
4200,2723,18,34,308,1117,293,1041,839,463,337,242
28700,20964,133,39,592,6972,4587,6150,5524,4148,2723,1445
13116,9810,141,26,239,2900,1891,3266,2195,1860,1672,970
11159,8239,236,24,1027,1633,1575,3039,1834,1485,1516,643
12984,9744,246,75,1420,1499,2656,4238,1882,1646,1229,465
5915,3861,87,30,212,1725,455,1088,1061,824,628,300
3961,2848,47,11,401,654,634,1074,482,565,492,203
2904,711,63,5,64,2061,137,346,309,191,98,26
4554,3926,29,18,253,328,600,1121,1061,775,554,259
1432,638,10,3,32,749,67,187,182,158,83,25
803,584,36,3,116,64,97,236,129,136,117,54
1490,1114,35,2,219,120,183,573,230,198,174,78
2326,1571,10,3,95,647,243,558,416,305,131,74
1664,1478,22,0,80,84,205,601,256,227,224,114
1342,1055,6,0,46,235,235,272,202,208,164,59
1218,966,9,2,78,163,132,368,199,151,159,86
1075,546,11,2,145,371,68,279,124,121,98,39
1305,995,17,4,112,177,182,336,239,213,163,76
614,223,11,0,6,374,6,47,57,75,50,15
778,508,36,0,7,227,40,100,168,123,76,79
751,321,4,1,27,398,57,107,65,72,45,14
1045,728,13,10,162,132,75,425,132,170,122,42
932,579,9,3,20,321,66,281,202,134,91,45
4668,2668,38,20,382,1560,401,1170,686,521,272,200
13647,12019,95,42,108,1383,1111,1667,2045,2000,2080,4388
3112,2436,21,10,11,634,271,519,521,406,492,752
609,519,1,6,9,74,104,136,149,94,36,24
1887,634,6,1,11,1235,61,659,322,159,138,71
4864,2081,593,165,841,1184,380,1219,1202,656,410,121
57,36,1,0,8,12,2,16,4,10,13,5
16560,0,0,0,0,16560,1019,1466,1757,3797,4571,3950
541350,432018,3873,447,25545,79467,23689,168939,153165,67744,63315,52249
251119,242475,2362,211,1137,4934,30541,76212,37803,40138,35970,27724
102758,100888,112,14,300,1444,9320,25344,25523,17754,13424,10400
45911,44708,49,7,256,891,1796,11432,9506,7831,8902,5696
2727,2687,2,0,24,14,122,990,804,349,299,163
36252,18539,203,196,121,17193,1170,6381,6349,3638,2341,1547
19309,11858,149,317,279,6706,1240,4915,4081,2432,1606,864
36052,28877,54,411,133,6577,1902,10416,8616,4384,3163,2184
43617,28210,1064,530,5577,8236,4875,11390,10032,5639,4774,2201
12716,4111,3152,146,186,5121,340,2033,3118,1799,806,351
28020,25123,166,5,251,2475,2240,8957,6158,3624,3016,1960
17745,16137,137,13,63,1395,2102,3584,3315,3029,2725,1722
10900,8120,122,315,1155,1188,1308,2297,3417,2361,1119,364
9056,3093,853,1,1484,3625,952,2690,2730,1297,567,282
6534,1832,19,255,93,4335,148,1575,1225,436,217,79
2462,2187,30,6,135,104,254,829,692,354,190,94
4909,2956,17,2,179,1755,434,1437,1142,773,490,338
2802,1561,21,61,37,1122,79,494,625,331,160,64
3629,1794,49,170,32,1584,415,1521,961,285,220,225
2103,351,81,8,22,1641,41,888,695,173,98,21
1880,302,167,102,185,1124,57,716,593,206,110,32
1459,323,310,29,321,476,57,593,463,182,105,22
1837,1779,11,1,3,43,125,456,323,323,268,327
446,281,63,8,42,52,31,86,156,83,57,23
7350,3328,567,315,299,2841,525,2549,1984,964,591,229
90819,70634,421,2736,186,16842,6114,14244,15643,13913,17068,18204
18213,13449,50,39,31,4644,1076,3465,3525,2498,3112,3070
2498,2029,23,17,36,393,124,508,723,424,225,187
3038,2506,3,12,27,490,120,635,750,418,351,309
4588,3756,18,73,77,664,242,1012,1150,713,526,437
30266,21349,175,36,155,8551,2637,6754,6507,4197,2910,1798
13325,11473,156,28,13,1655,561,3180,2852,2073,2269,1638
12670,10802,218,21,89,1540,912,2913,2616,1998,1995,1277
10242,8587,245,32,127,1251,532,2987,2330,1538,1152,887
4513,3550,81,17,26,839,159,760,1010,929,652,308
3485,2816,28,9,18,614,136,715,637,641,561,319
2214,715,80,5,26,1388,76,302,364,174,96,39
3134,2764,27,14,30,299,151,755,858,644,348,196
1179,675,12,5,4,483,42,207,200,136,87,45
1054,962,30,2,20,40,83,263,199,210,163,118
2010,1784,26,5,66,129,147,467,351,400,354,221
2570,1870,14,1,17,668,149,656,543,343,166,120
1923,1795,20,7,11,90,122,504,358,324,338,239
1000,840,11,0,5,144,37,230,259,180,106,73
1369,1186,7,3,7,166,68,386,250,209,206,129
1264,878,8,4,7,367,43,193,193,240,166,78
1542,1300,15,9,20,198,97,461,271,253,235,109
494,277,5,2,3,207,5,65,96,74,39,14
1023,717,29,1,2,274,47,149,226,135,133,87
633,370,3,19,5,236,19,93,114,106,68,13
1244,1101,12,11,8,112,110,255,217,257,226,107
1176,1007,5,4,3,157,31,323,298,210,158,96
4421,3042,48,56,46,1229,178,1016,967,637,335,183
17269,15818,83,51,10,1307,2480,2243,2913,3062,2666,3569
4035,3393,26,9,1,606,547,645,736,567,694,718
526,413,0,9,3,101,44,95,132,95,49,17
1197,743,8,11,7,428,34,371,265,143,132,67
5119,2249,1145,85,297,1343,173,1068,1305,885,528,136
49,33,3,0,5,8,2,7,12,10,7,7
16619,0,0,0,0,16619,289,1322,1743,3211,5033,5021
567695,476460,3967,547,12722,73999,24779,174516,152825,69650,69340,62401
248541,241484,1897,438,556,4166,21039,69133,39807,43944,38912,33177
127944,126421,81,10,135,1297,9945,29979,32220,22929,18315,13589
65544,64439,63,4,76,962,3114,14214,12619,10989,14106,9665
4504,4484,2,0,8,10,154,1430,1139,581,670,529
55394,37353,195,220,55,17571,4612,9893,9583,6846,4924,3176
28494,20527,137,285,84,7461,2104,6648,5455,3663,2767,1609
65878,58290,56,344,59,7129,7701,17641,16211,9230,5657,3620
64820,53659,1226,630,1604,7701,4460,16249,15804,9181,8616,5157
13160,4403,2692,85,84,5896,440,2019,2801,1646,752,322
45354,42624,160,13,49,2508,3914,12792,9694,6361,6126,4213
24719,23070,199,8,37,1405,1996,5083,4862,4263,4011,3206
11221,9834,84,421,271,611,1254,1710,3539,2835,1378,451
8375,3668,968,1,191,3547,380,2234,2785,1489,530,354
5876,1935,18,214,22,3687,94,1083,1004,478,220,94
2429,2237,25,18,55,94,237,661,671,403,264,135
4776,3348,10,10,30,1378,587,1211,1118,720,479,361
2893,1649,11,56,14,1163,73,456,632,421,133,75
3339,1471,64,161,12,1631,204,1606,955,248,178,145
1449,467,82,5,7,888,35,411,457,168,107,28
1715,337,179,197,46,956,41,372,470,252,100,30
1010,382,258,17,64,289,51,238,337,199,87,31
2820,2729,12,5,3,71,204,445,389,412,438,890
501,334,87,21,10,49,24,82,194,105,50,21
6841,3491,626,410,104,2210,393,2120,2018,1033,552,239
101099,82230,421,2240,157,16051,6219,13894,16454,14595,19557,24512
20624,15841,37,33,26,4687,1059,3369,3594,2608,3705,4531
2452,1896,16,13,15,512,131,488,594,295,270,248
2878,2355,5,9,24,485,120,602,707,386,322,276
4669,3413,18,60,28,1150,156,923,1067,642,439,391
33379,25818,166,50,48,7297,3637,6779,7505,5090,3380,1958
15911,14117,150,14,20,1610,793,3367,3277,2396,2828,2429
13322,11460,207,28,158,1469,1125,2338,2834,2273,2289,1396
12546,10681,232,38,201,1394,1319,2912,2488,2118,1533,1278
4951,3781,66,16,45,1043,135,736,1082,1013,695,367
4043,3318,28,8,61,628,232,830,698,695,701,382
2371,795,179,11,4,1382,84,320,390,218,135,38
3140,2777,35,10,49,269,152,634,846,674,404,254
1295,655,5,15,1,619,28,158,267,142,79,16
1218,1108,24,4,9,73,55,232,272,247,246,137
2303,2110,23,5,30,135,253,454,413,465,408,245
2326,1549,14,6,9,748,85,425,563,309,156,94
2137,1973,20,3,10,131,229,395,398,408,357,301
1113,973,3,0,13,124,47,259,279,189,161,92
1461,1181,3,3,21,253,69,248,297,264,265,192
1473,1065,11,2,14,381,105,232,214,258,183,117
1505,1281,17,3,23,181,69,346,304,243,223,199
498,273,2,2,0,221,5,60,91,69,45,20
1014,695,21,2,0,296,24,123,240,173,109,68
655,394,2,3,1,255,14,70,84,98,77,64
1802,1559,12,5,39,187,213,393,257,343,337,174
1394,1198,11,1,4,180,42,420,349,217,169,131
4868,3434,73,32,28,1301,218,971,1006,788,432,282
16251,14247,90,37,13,1864,1575,2309,2859,2789,2582,3365
3728,3111,19,16,0,582,314,668,714,516,695,674
396,234,0,26,0,136,14,56,78,53,46,21
1175,771,9,16,0,379,28,307,255,174,128,74
4927,2162,1050,113,65,1537,148,882,1224,857,456,109
40,25,2,0,0,13,0,4,7,10,6,4
17939,0,0,0,0,17939,229,1214,1666,3292,5467,6071
505369,426849,4020,545,12822,61133,14962,148112,144075,67501,62593,56118
258522,251663,1876,187,813,3983,23199,75891,42231,45536,40711,28476
102241,100595,89,11,225,1321,6867,23690,26577,18511,14527,11058
58600,57442,76,5,208,869,2501,12518,11278,10299,12493,8768
4896,4871,1,0,13,11,136,1457,1369,704,768,462
41739,26966,172,203,59,14339,2470,8292,7594,4754,3310,2030
23760,18189,142,407,109,4913,1737,5505,4939,3552,2528,1322
49998,43160,46,404,94,6294,3333,13551,12452,7063,5044,2920
43190,31444,1334,632,3116,6664,4109,10903,10495,5786,4611,2197
12184,4149,3386,115,100,4434,358,2215,3108,1868,727,272
49282,46613,124,8,70,2467,8438,10922,10514,8045,5645,3517
27546,25865,162,6,88,1425,5672,4139,4785,5586,3538,2501
10519,9020,73,425,408,593,1001,1773,3390,2554,1302,472
7176,3384,709,1,295,2787,363,1956,2418,1233,397,227
5660,1752,15,180,39,3674,111,1048,943,459,213,83
2575,2404,25,12,65,69,237,801,755,382,261,101
3697,2541,8,5,37,1106,332,1005,879,559,362,286
2881,1664,15,56,32,1114,81,431,590,438,203,79
3555,2357,46,334,24,794,414,1162,1100,428,254,197
1070,308,73,1,6,682,22,280,355,120,66,28
1286,270,163,112,66,675,66,319,359,169,75,24
1011,361,224,23,79,324,39,243,358,185,90,21
1427,1369,7,2,3,46,29,161,267,321,209,420
402,279,49,4,26,44,61,80,122,54,48,14
6576,3023,527,369,82,2575,364,2221,1965,945,470,167
82238,65116,349,2519,402,13852,7004,12397,14887,13745,15136,13968
16862,13236,45,30,59,3492,801,2878,3051,2355,3138,3561
1916,1504,16,12,13,371,106,420,476,302,162,150
2408,1835,5,7,84,477,96,571,594,310,237,164
3282,2640,5,40,61,536,147,785,833,495,311,254
26708,19717,199,37,87,6668,2163,5314,5821,4170,2889,1573
11542,9931,123,15,40,1433,412,2183,2293,1946,2143,1805
9819,7750,227,38,391,1413,374,1905,2079,1945,1876,756
8111,6369,225,55,490,972,630,2100,1685,1451,1082,533
4422,3547,80,17,103,675,94,724,985,1104,690,269
3188,2339,26,9,184,630,142,720,499,525,582,219
2146,712,91,3,11,1329,46,288,331,180,114,30
2610,2211,26,14,121,238,91,627,702,569,331,142
1040,607,5,6,4,418,10,130,242,162,81,25
837,656,27,2,29,123,20,164,163,199,167,96
1600,1354,26,7,93,120,73,429,286,316,291,153
2019,1333,10,1,28,647,75,402,490,302,113,42
1172,1037,23,1,40,71,35,289,223,183,260,139
976,853,5,0,15,103,47,204,233,192,141,79
1113,902,7,6,30,168,30,193,216,244,191,112
1206,801,8,1,48,348,19,193,181,203,181,89
1205,941,24,3,76,161,49,317,210,220,212,91
543,294,7,1,5,236,6,74,74,87,52,17
891,609,16,3,0,263,10,121,197,159,96,54
471,275,4,5,3,184,26,73,73,64,42,19
1120,907,11,11,59,132,63,314,150,224,195,101
768,632,4,2,4,126,27,206,163,150,105,61
4053,2799,50,27,58,1119,121,847,865,669,366,243
13346,11750,89,59,36,1412,1590,2478,2250,2236,2008,2245
3365,2765,23,8,5,564,418,738,590,480,495,480
285,207,1,14,3,60,33,47,64,47,34,14
698,440,4,3,1,250,16,166,135,118,82,34
4043,1873,903,112,106,1049,178,830,972,671,407,130
31,23,2,0,0,6,1,6,4,6,8,3
15233,0,0,0,0,15233,286,1193,1593,2978,4458,4725
508877,433577,3951,682,13284,57383,16888,145040,155791,64790,56601,56174
255356,248793,1738,166,769,3890,25870,75859,40795,45699,40105,24821
90379,88881,79,13,267,1139,7666,22938,25056,17000,10105,6832
71751,70638,49,3,185,876,13151,15659,13034,13711,9852,5614
8342,8316,2,0,9,15,1967,1791,2070,1231,748,534
43281,28484,117,106,69,14505,5124,7024,7031,5705,3374,1837
29716,23216,126,216,117,6041,6299,5493,4864,4557,2561,1391
55850,49231,53,224,119,6223,6044,14523,13405,8512,5058,3199
30721,18158,1136,295,4005,7127,3989,8399,6785,3316,2070,1021
10208,3697,2183,88,100,4140,299,1637,2393,1471,740,302
57764,55329,119,3,89,2224,16179,9050,9494,11490,6354,3237
42216,40707,112,13,76,1308,12032,7147,5434,8774,5054,2581
10042,8531,65,299,535,612,1667,1540,2756,2285,1192,571
5461,2341,532,7,252,2329,288,1461,1669,996,376,197
6900,1964,8,40,70,4818,128,1496,1273,424,185,57
2459,2293,34,17,43,72,516,605,639,366,217,85
3388,2415,8,2,57,906,459,844,683,558,314,220
2505,1322,13,37,26,1107,40,367,515,329,165,33
3822,1796,37,73,36,1880,442,1817,979,257,165,112
1313,211,47,2,7,1046,14,482,451,143,33,16
1597,289,148,94,52,1014,45,478,483,209,100,28
1159,404,166,20,81,488,39,276,405,208,117,52
839,788,9,2,5,35,44,108,162,196,137,189
253,114,69,5,20,45,7,37,89,44,35,21
6468,3273,390,142,211,2452,740,2171,1739,783,413,205
77387,58743,365,3436,355,14488,10421,15399,13676,11967,12336,8974
15292,11377,38,30,49,3798,1670,3255,2910,2182,2367,1911
1933,1561,13,8,22,329,234,503,437,294,131,68
2382,1852,6,1,62,461,224,652,458,257,236,123
2490,1969,9,28,49,435,247,644,627,326,206,109
26570,18951,172,22,107,7318,2625,4401,5775,4011,2773,1517
8735,7356,103,16,47,1213,758,1713,1825,1563,1365,919
7304,5714,139,21,265,1165,532,1570,1503,1131,1303,447
6752,5202,203,34,426,887,580,1898,1359,1126,885,354
3084,2299,52,9,39,685,155,479,615,642,408,183
2459,1802,23,8,100,526,210,564,328,380,376,154
2180,600,60,3,8,1509,56,277,234,172,108,43
1733,1425,12,17,68,211,116,412,449,310,217,89
774,349,8,1,3,413,18,70,135,74,61,11
663,557,22,1,30,53,61,174,116,126,114,56
1290,1105,18,9,62,96,105,370,236,233,210,89
1407,789,12,0,21,585,67,244,270,184,66,39
1014,896,14,4,18,82,110,284,180,151,175,72
1003,901,2,0,13,87,120,212,215,201,112,71
781,611,2,2,26,140,33,205,165,123,108,36
1065,697,7,0,28,333,66,231,162,127,114,41
754,570,11,3,29,141,44,185,147,140,120,36
381,181,3,1,1,195,6,34,58,45,29,16
754,476,18,0,1,259,12,91,157,122,82,51
442,173,1,3,4,261,6,40,35,57,34,15
782,583,11,5,25,158,66,190,109,155,151,48
645,487,7,3,2,146,43,113,160,142,106,44
2941,1802,34,13,51,1041,147,599,540,354,227,123
19289,17818,67,25,42,1337,4767,4100,2985,3432,2413,1277
4355,3595,14,10,3,733,850,1004,750,575,581,337
252,154,2,4,0,92,14,46,33,31,30,14
922,665,3,0,3,251,60,305,200,88,119,46
3078,1273,644,66,93,1002,100,687,758,492,235,90
47,36,1,0,0,10,3,6,8,7,8,5
5281,0,0,0,0,5281,88,370,554,1010,1589,1670
481681,393336,2813,99,10433,75000,43778,125168,147332,60428,47771,44915
203969,194840,2804,141,1035,5149,14045,63536,35205,35559,32903,20294
110354,108623,95,20,285,1331,21543,21735,21010,24151,13315,7802
66962,65837,51,8,171,895,11733,14075,10513,13418,10302,6185
5347,5312,4,0,14,17,1095,1242,1182,858,529,441
30702,15002,155,169,211,15165,1423,4597,6498,3627,2042,1042
19443,14336,98,46,231,4732,2430,4406,3971,3003,1811,753
38466,31232,44,110,126,6954,2957,8331,9914,5976,3527,2386
30232,18058,747,54,3122,8251,4366,7083,6261,3730,1955,954
9249,2391,2094,56,166,4542,274,1309,2303,1244,458,147
27549,24541,101,1,139,2767,4022,6942,5627,3733,3177,1715
10738,9157,80,7,54,1440,773,2202,2279,1820,1454,919
12323,10081,83,359,840,960,1487,2045,3962,2899,1373,532
6135,2025,474,7,625,3004,171,1733,2050,1058,413,226
5654,1273,9,47,98,4227,20,1158,1264,397,121,15
2158,1812,51,5,111,179,426,583,534,299,176,98
4325,2815,21,5,130,1354,451,1208,986,699,418,282
2208,952,20,8,33,1195,68,303,334,248,98,33
4257,2302,35,151,53,1716,411,1485,1360,389,251,195
1377,119,26,2,27,1203,11,398,566,158,12,7
1299,189,110,19,95,886,63,344,488,148,34,13
1014,229,166,23,181,415,54,298,374,141,80,21
803,723,13,2,5,60,59,109,154,194,111,160
176,57,44,1,20,54,6,22,69,35,18,6
4808,1566,352,80,290,2520,219,1702,1552,562,230,101
67255,43866,495,3712,286,18896,6319,11594,12089,9910,11312,9657
13809,8793,52,33,41,4890,1175,2289,2745,2010,2280,1879
1801,1310,15,13,35,428,210,453,396,245,121,67
2113,1478,7,15,65,548,142,512,449,241,175,92
2514,1890,11,45,116,452,215,706,681,302,199,95
28891,20746,192,42,139,7772,3211,4978,6418,4629,3010,1725
9117,6811,186,22,72,2026,710,1865,1906,1469,1467,1028
6617,4648,239,34,205,1491,425,1162,1301,1071,1189,508
5982,3951,303,53,392,1283,472,1703,1160,974,722,314
2880,2006,138,26,55,655,138,412,615,615,431,184
2556,1560,30,9,69,888,123,441,367,339,346,183
1955,493,78,8,33,1343,30,260,253,135,78,36
1560,1121,42,26,65,306,100,357,395,335,138,78
856,372,17,7,10,450,10,84,152,88,73,21
543,437,29,6,23,48,23,115,116,84,119,69
847,696,33,5,12,101,62,182,199,155,136,83
1558,734,18,4,23,779,45,183,275,199,84,41
762,614,25,4,20,99,48,216,136,107,134,83
720,614,5,0,10,91,70,168,129,141,79,64
690,457,13,3,15,202,29,117,149,96,104,59
885,465,11,1,20,388,35,123,89,120,102,41
722,471,27,3,23,198,52,168,123,102,103,52
467,223,6,3,2,233,22,37,60,67,46,20
623,379,37,8,0,199,11,60,130,124,71,56
351,132,4,2,13,200,4,47,25,39,31,17
665,484,19,18,15,129,39,132,109,131,122,53
715,471,10,3,6,225,20,176,203,119,86,42
3219,1925,19,14,82,1179,198,548,578,405,290,158
14039,12320,86,19,26,1588,2707,3496,2006,2318,1943,1118
3553,2638,10,15,7,883,572,698,611,524,470,288
163,88,0,4,1,70,6,30,30,16,18,3
1272,509,10,3,7,743,41,467,386,108,75,53
2926,944,492,68,209,1213,97,535,721,413,182,58
61,43,0,0,1,17,2,5,12,10,10,6
8792,0,0,0,0,8792,162,598,885,1640,2740,2767
104086,49520,715,11,20753,33087,2582,33029,27649,17366,13778,6325
211199,205007,1162,64,1536,3430,15024,85449,29946,29557,30572,18573
53042,51881,52,11,393,705,9839,13044,10732,11187,5148,2631
20966,20369,24,2,284,287,1476,6086,4676,3231,3171,2118
503,476,0,0,22,5,44,210,125,52,36,34
20332,12730,69,89,177,7267,771,3503,4664,2892,1646,833
15800,12155,47,80,374,3144,1166,2855,4526,3021,1426,633
31777,25382,32,200,185,5978,1460,7254,8932,4922,2811,1798
30313,9197,626,49,9647,10794,991,13249,7540,2257,1786,664
5839,2061,972,19,284,2503,124,1085,1628,812,307,113
18541,15459,68,8,430,2576,1969,5567,3909,2078,1846,926
5909,4592,49,3,132,1133,260,1349,1419,853,639,326
6399,5210,42,264,427,456,690,975,2011,1467,817,405
6888,2074,700,0,1141,2973,190,2149,2162,1194,452,264
4319,1271,7,19,186,2836,33,1156,1230,377,133,31
789,610,35,3,78,63,67,190,244,144,67,41
3204,1773,13,2,171,1245,225,954,751,482,291,202
1784,520,11,8,98,1147,13,223,198,160,69,17
2568,754,22,104,124,1564,89,1114,914,212,95,64
1088,146,26,0,37,879,8,307,492,131,20,9
996,115,85,25,149,622,34,340,427,116,29,8
1037,221,150,22,236,408,52,291,399,146,76,22
352,329,4,1,8,10,5,68,63,59,54,103
160,35,25,1,56,43,4,50,57,25,11,2
4558,1409,446,63,316,2324,183,1529,1546,525,229,118
42439,26407,219,2200,848,12765,2775,7354,7713,5894,6807,6360
9046,5834,16,22,109,3065,515,1673,1781,1171,1426,1240
1188,769,6,3,71,339,57,370,222,143,67,54
1543,878,1,4,135,525,57,381,277,127,122,76
2601,1893,4,24,217,463,159,800,559,275,247,186
22157,15487,155,10,288,6217,1428,4588,5040,3314,2336,1303
5566,3936,68,15,123,1424,161,1288,1105,753,797,855
5599,3725,133,19,491,1231,226,1416,982,746,843,388
5120,3355,123,27,907,708,302,1951,846,638,595,278
1718,1045,38,4,77,554,27,309,273,254,243,116
2067,1076,16,2,158,815,64,413,228,212,252,154
1618,653,80,3,52,830,41,251,306,200,110,52
1068,750,4,8,111,195,23,327,235,180,104,65
471,228,5,1,18,219,1,52,104,52,44,6
441,354,10,0,54,23,27,146,72,52,78,52
650,491,14,2,83,60,31,225,107,102,101,52
1206,559,12,0,52,583,33,202,178,125,80,35
566,432,11,2,62,59,17,207,82,79,78,58
299,206,3,0,18,72,9,77,65,40,32,19
668,497,4,2,39,126,11,192,118,93,74,76
780,354,6,0,97,323,25,190,72,75,72,36
547,343,8,3,35,158,22,131,86,71,82,39
286,162,4,0,9,111,4,37,58,47,25,16
663,463,14,0,4,182,2,86,165,109,73,52
218,126,0,2,6,84,1,20,40,40,27,12
640,500,7,5,54,74,45,215,71,102,113,56
465,265,7,0,12,181,6,113,126,75,43,29
2432,1372,26,12,161,861,106,497,440,279,180,144
6857,5689,44,15,82,1027,469,2280,1253,997,878,598
1912,1288,5,4,5,610,110,453,349,235,273,175
123,76,4,3,5,35,4,21,28,15,14,14
1004,328,7,1,6,662,13,403,282,85,59,45
3156,1113,519,58,431,1035,49,595,665,494,342,166
40,26,2,0,1,11,0,4,11,3,6,10
7609,0,0,0,0,7609,151,678,781,1330,2328,2341
16595,5040,115,2,7388,4050,440,7903,3713,1909,1399,670
8347,6478,282,16,868,703,578,3843,1169,1035,949,448
585,274,6,1,125,179,14,232,128,60,31,12
262,173,4,0,51,34,10,111,65,37,19,3
16,11,1,0,4,0,2,9,3,1,1,0
4539,2048,13,33,67,2378,58,671,1028,583,280,77
3760,1030,6,7,373,2344,63,1069,770,362,102,21
2371,1059,21,11,124,1156,76,714,650,203,51,21
4048,941,15,5,2200,887,426,2130,703,291,307,78
1587,555,42,5,92,893,23,297,370,184,57,12
890,289,4,1,102,494,17,244,115,36,34,11
219,159,5,6,13,36,15,74,47,35,23,9
674,191,5,9,357,112,99,315,154,65,26,12
782,89,19,0,260,414,43,295,239,123,43,21
2519,741,0,0,109,1669,4,733,749,248,56,2
77,26,5,1,19,26,0,19,22,8,2,1
567,144,4,1,95,323,37,186,114,83,30,19
242,114,2,0,21,105,7,63,43,21,14,5
1183,45,10,6,35,1087,6,795,333,28,12,9
441,20,1,0,19,401,0,145,224,44,2,3
566,77,8,1,133,347,11,274,209,26,9,3
474,70,44,5,138,217,24,157,169,59,24,10
68,61,2,0,3,2,0,58,3,1,2,4
34,9,1,1,12,11,1,12,12,2,3,1
1561,75,79,14,500,893,80,817,449,96,32,10
10570,3995,47,598,79,5851,874,1559,1529,1085,1271,1220
2405,1022,3,9,21,1350,169,438,398,249,325,260
291,107,3,4,18,159,11,77,43,17,9,4
388,150,1,2,26,209,6,76,50,25,20,10
456,239,3,8,46,160,20,130,111,37,16,17
5300,2189,42,4,115,2950,267,682,869,536,376,192
1173,550,26,9,44,544,48,296,170,105,96,135
1195,611,41,8,121,414,72,394,191,93,97,56
1217,528,62,19,184,424,153,461,199,98,59,42
248,73,13,2,18,142,15,46,21,24,18,13
597,156,5,0,29,407,15,97,40,32,26,18
630,214,30,2,7,377,11,126,100,65,37,14
255,127,6,5,26,91,7,105,42,21,8,9
173,86,3,2,6,76,2,26,41,18,12,4
97,53,4,1,19,20,7,39,17,5,10,8
188,115,4,1,38,30,10,99,33,10,20,5
322,134,12,0,12,164,3,60,58,25,21,4
105,60,4,0,14,27,6,50,12,4,7,8
61,23,1,0,1,36,2,12,8,8,3,2
96,35,3,0,5,53,2,20,14,1,10,4
144,30,0,1,14,99,5,28,16,2,1,2
164,62,6,2,8,86,9,42,16,10,13,5
84,65,2,0,2,15,0,15,23,13,14,4
199,129,4,2,5,59,5,28,52,25,19,19
80,40,0,0,8,32,0,21,9,10,6,2
114,91,0,2,10,11,7,73,9,6,6,6
106,29,5,0,1,71,2,25,32,7,6,4
538,257,1,3,63,214,15,149,78,35,45,35
760,363,15,3,12,367,49,134,159,126,100,75
275,90,3,4,4,174,13,43,52,31,45,17
50,16,0,2,0,32,3,2,6,5,3,1
237,29,0,0,0,208,1,96,59,13,11,8
946,103,134,6,145,558,24,152,201,106,40,6
11,7,0,0,0,4,0,0,1,2,2,3
1615,0,0,0,0,1615,36,162,122,265,477,553
3935,522,71,0,1112,2230,73,1165,978,761,650,232
360,58,53,2,49,198,60,87,49,71,30,23
155,48,8,0,12,87,6,38,33,14,10,4
35,17,2,0,8,8,1,19,6,2,3,1
1,1,0,0,0,0,0,1,0,0,0,0
1130,438,1,5,6,680,8,154,188,131,41,6
1864,572,2,5,83,1202,12,434,388,173,29,14
299,107,1,7,5,179,3,101,95,39,6,3
6597,420,5,7,5334,831,909,4769,545,139,122,48
210,46,7,4,2,151,7,10,39,18,9,2
152,29,1,0,61,61,7,73,16,10,3,0
48,17,5,3,3,20,1,7,10,6,5,5
616,60,2,5,359,190,87,336,156,30,6,1
7,1,0,0,1,5,2,3,1,0,0,1
763,41,1,0,33,688,3,225,198,40,4,0
25,0,5,0,0,20,7,0,6,2,1,0
15,4,0,0,4,7,2,7,0,2,0,2
26,2,1,0,0,23,2,1,2,3,0,0
547,17,4,0,3,523,3,344,177,17,5,1
183,29,0,0,2,152,1,56,95,22,3,0
11,2,0,0,0,9,0,0,0,1,1,0
67,6,4,0,11,46,3,14,25,10,1,0
21,1,2,2,0,16,3,2,3,0,1,1
13,0,2,0,6,5,0,0,11,1,0,0
36,2,5,0,7,22,3,11,6,1,2,0
6417,1793,32,227,7,4358,486,614,517,393,486,560
422,135,3,0,0,284,18,120,67,42,48,51
52,8,2,0,3,39,4,7,9,5,1,0
55,12,0,3,1,39,4,8,9,3,3,2
83,11,1,1,2,68,1,9,6,1,0,2
1223,128,4,1,5,1085,7,28,43,34,34,14
298,136,5,0,0,157,26,48,43,30,28,10
1033,30,9,2,4,988,8,16,15,11,12,4
280,100,8,3,7,162,8,46,44,24,9,2
55,11,5,1,2,36,1,5,7,5,2,1
385,9,3,2,1,370,0,3,8,2,6,4
116,60,0,4,0,52,3,20,20,12,11,1
31,11,1,0,1,18,2,4,4,5,2,2
82,40,0,0,0,42,0,8,10,7,14,1
35,6,5,0,0,24,5,6,10,4,1,1
35,7,3,2,0,23,5,5,5,3,1,3
83,14,1,0,1,67,0,7,4,7,1,1
33,18,1,0,2,12,4,10,2,1,5,2
26,1,1,0,0,24,0,3,4,4,2,0
68,1,0,0,1,66,0,1,1,0,0,0
35,5,1,0,0,29,0,2,3,0,1,0
57,7,3,0,0,47,1,6,3,2,1,1
22,14,0,0,0,8,0,4,6,4,0,0
76,30,6,0,0,40,0,8,17,11,3,6
43,24,0,0,0,19,0,4,4,9,5,2
27,5,1,0,0,21,0,3,5,2,2,0
22,5,0,1,0,16,1,6,2,2,0,0
70,14,1,0,1,54,0,13,3,2,3,0
124,28,0,4,0,92,8,19,14,20,18,6
98,19,0,5,0,74,2,15,9,12,13,13
13,0,0,0,0,13,0,0,0,0,0,0
22,2,0,0,0,20,0,1,4,0,0,0
177,11,5,0,11,150,3,9,16,6,2,0
3,0,0,0,0,3,0,0,0,0,0,0
698,0,0,0,0,698,13,73,72,102,176,262
