년_월,국가,방문자 수,전년 동월 대비 성장률,동월 구성 비율 ,남자,여자,관광,사업,공무,유학,기타,20대 미만,20대,30대,40대,50대,60대 이상
19-01,China,392814,28.73786981,35.55511707,147511,231722,320113,2993,138,8793,60777,36520,108591,103657,48574,40893,40998
19-01,Japan,206526,23.60683014,18.69346843,75070,129029,198805,2233,127,785,4576,18015,57921,34165,39811,33857,20330
19-01,Taiwan,87954,16.00369296,7.961057311,30805,56202,86393,74,22,180,1285,18888,17927,18595,18862,8169,4566
19-01,Hong Kong,35896,3.533212195,3.249086036,12172,22729,34653,59,2,90,1092,3890,11384,7400,5461,4629,2137
19-01,Macao,2570,-12.37640641,0.232620657,748,1787,2506,2,0,17,45,223,1013,762,264,181,92
19-01,Phillipines,30473,0.062389177,2.758229295,10460,7295,14279,211,161,184,15638,1436,5051,5486,3140,1831,811
19-01,Indonesia,18842,10.61406599,1.705462422,7295,8289,14183,136,38,187,4298,2732,4213,3643,2895,1488,613
19-01,Thailand,41334,-8.026078636,3.741300485,12205,23730,34004,37,199,96,6998,3310,10977,10551,5821,3403,1873
19-01,Vietnam,20183,23.93613755,1.826841527,7457,7559,10739,763,110,1667,6904,1824,5484,4200,1963,1095,450
19-01,India,8671,16.84409109,0.784845805,5123,907,2318,2656,46,177,3474,258,1421,2310,1322,522,197
19-01,Malaysia,22065,-0.217066884,1.997188639,8240,11276,19043,95,7,99,2821,2923,6643,4546,2689,1946,769
19-01,Singapore,9855,1.976407285,0.892014232,4175,4450,8372,94,8,48,1333,670,2276,2044,1771,1342,522
19-01,Mongolia,9785,-9.339386639,0.885678261,4624,5114,8358,77,304,484,562,1551,1807,2840,2105,970,465
19-01,Uzbekistan,5754,5.947339348,0.520816833,3863,1426,1958,561,0,407,2828,233,1614,1896,949,394,203
19-01,Myanmar,5289,-11.67334669,0.478727882,2290,250,1304,10,31,67,3877,27,1070,994,324,108,17
19-01,*GCC,1776,-1.606648199,0.160752641,1132,612,1550,37,14,72,103,247,477,521,289,140,70
19-01,Kazakhstan,3574,-9.33536276,0.323496587,1521,1748,2185,24,7,92,1266,343,928,857,479,402,260
19-01,Turkey,1785,-7.704239917,0.161567266,681,234,792,13,32,36,912,57,239,300,206,89,24
19-01,Cambodia,2695,10.85972851,0.243934892,1666,730,635,39,55,51,1915,124,1392,685,109,58,28
19-01,Sri Lanka,1287,-14.2,0.116491356,1036,90,157,54,5,28,1043,13,373,550,151,31,8
19-01,Bangladesh,1247,1.299756296,0.112870801,897,57,149,126,27,97,848,26,342,403,123,48,12
19-01,Pakistan,1032,-10.7266436,0.093410318,857,142,238,178,10,193,413,62,328,378,147,67,17
19-01,Israel,805,-0.494437577,0.072863669,591,199,727,12,0,9,57,19,80,170,223,120,178
19-01,Iran,184,-66.78700361,0.016654553,122,47,60,45,10,23,46,9,30,73,39,12,6
19-01,Asia others,4554,16.67947733,0.412200184,2990,1028,1561,308,70,205,2410,247,1605,1349,500,209,108
19-01,USA,62737,4.744970365,5.678568939,32907,24623,42989,418,2578,229,16523,5601,10672,10618,10137,11530,8972
19-01,Canada,12460,0.346299428,1.127802875,5783,5418,8034,57,30,43,4296,959,2190,2299,1847,2184,1722
19-01,Brazil,1605,14.07249467,0.145274768,727,592,1136,16,9,41,403,215,389,357,213,92,53
19-01,Mexico,1853,32.07412687,0.167722209,784,611,1282,11,7,38,515,153,388,353,239,174,88
19-01,America others,2266,10.86105675,0.205104439,933,936,1541,24,33,128,540,195,666,491,248,159,110
19-01,Russia,25194,14.86277013,2.280406552,10572,9487,17260,181,37,191,7525,2569,4480,5325,3866,2520,1299
19-01,UK,10148,7.968932865,0.918534798,5903,3490,7982,175,17,41,1933,923,1669,1801,1682,1695,1623
19-01,Germany,6850,-6.522925764,0.62002004,4487,1454,4925,278,19,177,1451,357,1074,1414,1217,1377,502
19-01,France,5574,-5.381089798,0.504524336,3390,1591,3773,297,48,288,1168,437,1316,1151,1135,704,238
19-01,Italy,2731,-1.08656284,0.247193391,1750,502,1968,83,17,40,623,79,369,581,651,417,155
19-01,Netherland,2269,-2.576212967,0.205375981,1335,489,1592,47,16,77,537,108,472,319,398,394,133
19-01,Ukraine,2262,38.85819521,0.204742384,594,244,593,58,3,28,1580,36,275,243,132,118,34
19-01,Spain,1368,-16.17647059,0.12382298,841,373,1010,36,15,52,255,61,312,348,281,154,58
19-01,Romania,872,19.12568306,0.078928098,315,129,412,8,4,3,445,57,92,128,89,65,13
19-01,Norway,801,-19.33534743,0.072501613,511,177,552,66,4,28,151,41,168,139,139,144,57
19-01,Sweden,982,4.246284501,0.088884625,664,280,844,29,6,18,85,69,217,187,206,196,69
19-01,Poland,1324,-11.96808511,0.11984037,559,242,713,10,0,27,574,35,214,284,168,61,39
19-01,Swiss,747,-29.32828761,0.067613864,493,207,613,18,0,19,97,41,166,120,128,164,81
19-01,Portugal,564,-4.72972973,0.051049825,256,211,416,14,0,13,121,27,142,119,88,73,18
19-01,Austria,776,-2.389937107,0.070238767,480,169,544,8,2,13,209,33,151,144,129,114,78
19-01,Finland,859,-13.84152457,0.077751418,314,155,412,23,1,18,405,20,127,116,100,82,24
19-01,Belgium,709,-6.092715232,0.064174337,460,145,490,24,4,22,169,28,134,142,133,129,39
19-01,Croatia,491,-0.405679513,0.044442312,224,29,226,12,0,3,250,6,57,74,58,46,12
19-01,Greece,775,8.848314607,0.070148253,475,44,481,17,4,0,273,7,95,164,130,72,51
19-01,Bulgaria,431,17.75956284,0.03901148,140,39,154,1,1,10,265,3,38,49,46,28,15
19-01,Denmark,751,7.439198856,0.06797592,478,153,520,21,6,16,188,56,130,101,168,124,52
19-01,Ireland,595,0.506756757,0.053855755,379,163,392,15,1,2,185,23,140,151,105,77,46
19-01,Europe others,2965,23.23358271,0.268373638,1282,827,1809,44,25,91,996,187,533,556,428,261,144
19-01,Austrailia,14285,22.21937029,1.292990696,7126,6863,12795,93,17,34,1346,3194,3154,2068,2471,1937,1165
19-01,New Zealand,2725,2.482136141,0.246650308,1376,1188,2029,20,17,5,654,438,611,484,350,442,239
19-01,Oceania others,614,11.23188406,0.055575519,356,216,555,3,4,0,52,68,124,199,106,48,27
19-01,South Africa,1000,10.74197121,0.090513874,390,453,368,9,1,6,616,36,371,236,94,59,47
19-01,Africa others,2690,19.82182628,0.243482322,1596,413,768,718,90,206,908,68,630,671,403,186,51
19-01,Stateless,54,-18.18181818,0.004887749,32,9,33,4,0,1,16,1,10,10,14,4,2
19-01,Overseas Korean,15526,-19.11856637,1.405318414,6475,9051,0,0,0,0,15526,439,1163,1618,3202,4785,4319
19-02,China,453379,31.2844406,37.72493306,191410,251668,324291,2694,143,38731,87520,33333,136272,122438,64289,51696,35050
19-02,Japan,213200,26.72297478,17.74002706,70961,139997,204697,2125,119,2084,4175,26804,75150,29004,33255,29288,17457
19-02,Taiwan,94559,7.360688496,7.868101401,34304,59456,92276,105,20,908,1250,15862,22177,20705,17971,11158,5887
19-02,Hong Kong,51312,1.427159518,4.269588501,20802,29584,49695,54,3,489,1071,9786,8163,9141,11687,7666,3943
19-02,Macao,3966,-17.95614398,0.330004443,1478,2451,3890,1,0,33,42,830,954,848,637,374,286
19-02,Phillipines,29294,8.444082479,2.437506345,9935,7822,15541,171,57,189,13336,1180,4784,5551,3271,1991,980
19-02,Indonesia,18115,22.90521745,1.507319841,7122,7306,12172,147,72,697,5027,1685,4133,3733,2652,1612,613
19-02,Thailand,39220,-9.689601179,3.263432745,12303,22029,32074,56,180,332,6578,2211,10257,11089,5719,3213,1843
19-02,Vietnam,42181,72.11114738,3.509812764,20381,17114,20071,806,98,9324,11882,6076,14050,9178,4455,2580,1156
19-02,India,8309,17.14366277,0.691378447,5147,987,2372,2303,102,360,3172,238,1610,2346,1284,479,177
19-02,Malaysia,27484,21.99387456,2.286899173,11044,14156,24047,136,2,604,2695,4445,7261,5212,3630,3141,1511
19-02,Singapore,9792,7.687231937,0.814776477,4192,4527,8228,114,6,257,1187,735,2124,1987,1749,1386,738
19-02,Mongolia,9176,3.089540501,0.763520114,4669,4465,6670,109,314,1152,931,952,1934,2819,2055,990,384
19-02,Uzbekistan,7149,28.00358102,0.594856723,5008,1698,2165,716,5,1217,3046,417,2255,2217,1145,441,231
19-02,Myanmar,5367,1.168708765,0.446579387,2586,395,1107,13,25,231,3991,68,1399,1074,319,94,27
19-02,*GCC,1478,16.10369207,0.122981989,994,452,1143,27,9,192,107,162,432,456,198,134,64
19-02,Kazakhstan,3774,-19.47941114,0.314028434,1646,1848,1924,21,3,404,1422,455,1027,896,555,330,231
19-02,Turkey,1765,-6.9092827,0.146862794,604,299,664,13,29,151,908,40,314,259,171,71,48
19-02,Cambodia,3715,43.88071263,0.309119139,2261,1182,1473,53,92,147,1950,255,1543,1094,223,170,158
19-02,Sri Lanka,1516,31.4830876,0.126143907,1240,121,241,52,0,48,1175,9,469,661,148,60,14
19-02,Bangladesh,1656,33.33333333,0.137793081,1198,163,228,83,38,265,1042,61,529,568,142,45,16
19-02,Pakistan,1439,10.60722521,0.119736862,1217,197,257,290,11,463,418,89,568,474,196,69,18
19-02,Israel,761,6.732117812,0.063321579,542,213,694,15,1,14,37,25,78,132,177,116,227
19-02,Iran,329,-39.85374771,0.027375558,191,90,99,67,5,64,94,11,65,118,53,28,6
19-02,Asia others,5150,12.9881527,0.428523168,3443,1229,1635,383,157,537,2438,288,1785,1593,606,282,118
19-02,USA,57732,-12.59216642,4.803786314,29846,23407,38475,386,1970,1144,15757,4516,9527,9919,9187,10502,9602
19-02,Canada,13551,-17.56296386,1.127556786,6405,6008,8888,45,27,116,4475,1080,2490,2457,1811,2370,2205
19-02,Brazil,1354,-12.75773196,0.112664149,647,463,881,12,13,101,347,114,392,292,182,86,44
19-02,Mexico,1435,2.426837973,0.119404028,590,473,818,1,7,207,402,51,408,290,149,105,60
19-02,America others,2308,-2.120441052,0.192044946,964,1003,1578,19,24,257,430,178,759,472,256,183,119
19-02,Russia,20001,-4.251041218,1.66425085,8297,7364,12512,139,24,391,6935,1329,4123,4137,2972,1994,1106
19-02,UK,7876,-23.78556222,0.655349217,4640,2596,5864,150,8,105,1749,353,1736,1474,1248,1284,1141
19-02,Germany,6866,-28.30740315,0.571308751,4394,1708,4878,258,15,525,1190,288,1514,1306,1210,1213,571
19-02,France,5830,-19.88456782,0.485104868,3329,1940,3685,235,30,958,922,527,1793,1049,939,671,290
19-02,Italy,2384,-25.5,0.198368783,1487,487,1685,52,14,125,508,58,389,494,519,387,127
19-02,Netherland,2357,-39.78027593,0.196122157,1297,584,1580,33,7,180,557,120,420,340,328,349,324
19-02,Ukraine,2080,4.838709677,0.173073435,650,264,543,51,2,57,1427,49,355,242,150,101,17
19-02,Spain,1373,-9.193121693,0.114245109,792,447,1006,17,5,129,216,38,374,316,301,130,80
19-02,Romania,771,20.28081123,0.064153663,265,116,334,4,4,30,399,5,102,121,83,49,21
19-02,Norway,577,-67.29024943,0.048011236,407,154,455,38,3,45,36,43,174,101,73,109,61
19-02,Sweden,927,-51.23619148,0.07713417,580,302,729,19,9,91,79,64,249,157,178,164,70
19-02,Poland,1266,-24.7771836,0.105341812,486,262,619,14,0,74,559,33,269,222,132,69,23
19-02,Swiss,877,-63.44310129,0.072973751,538,285,710,17,0,67,83,50,239,144,146,163,81
19-02,Portugal,670,-14.54081633,0.055749616,269,318,545,5,0,19,101,67,130,131,110,90,59
19-02,Austria,746,-56.52680653,0.062073453,446,206,561,9,7,36,133,22,188,144,120,117,61
19-02,Finland,933,-51.75801448,0.07763342,351,215,398,10,1,139,385,34,212,101,101,86,32
19-02,Belgium,654,-19.65601966,0.054418282,400,156,452,16,2,41,143,20,149,102,116,110,59
19-02,Croatia,447,-6.680584551,0.037194147,193,26,192,7,1,11,236,5,48,55,61,41,9
19-02,Greece,607,-19.28191489,0.050507488,390,52,381,27,0,5,194,14,80,144,95,67,42
19-02,Bulgaria,326,-12.8342246,0.027125933,126,47,146,0,1,15,164,5,40,42,43,28,15
19-02,Denmark,694,-13.46633416,0.057746617,423,172,469,12,5,77,131,42,177,102,112,114,48
19-02,Ireland,613,-9.453471196,0.051006738,384,180,389,7,0,14,203,31,158,160,103,71,41
19-02,Europe others,2674,-44.25682718,0.222499214,1177,784,1579,24,15,245,811,156,626,458,352,209,160
19-02,Austrailia,8331,-4.994868286,0.693209031,4504,3512,6836,73,31,119,1272,896,1952,1535,1498,1234,901
19-02,New Zealand,1863,-7.451564829,0.155017216,994,734,1221,14,5,11,612,179,382,397,259,311,200
19-02,Oceania others,428,11.16883117,0.035613188,229,112,325,0,5,2,96,12,94,97,65,41,32
19-02,South Africa,1191,8.767123288,0.099101183,471,594,374,6,5,8,798,27,567,261,105,67,38
19-02,Africa others,3476,15.75091575,0.289232336,2195,657,1142,806,58,520,950,125,850,864,591,324,98
19-02,Stateless,39,-26.41509434,0.003245127,24,9,24,1,0,3,11,2,7,8,5,6,5
19-02,Overseas Korean,14459,-14.2763977,1.203109996,6163,8296,0,0,0,0,14459,384,1166,1447,2776,4571,4115
19-03,China,487623,20.87438927,31.75371067,189613,285340,369165,3933,414,32532,81579,14459,137271,133971,64975,63774,60503
19-03,Japan,375119,27.38525381,24.42751919,106174,266368,367157,2108,126,1231,4497,81364,112727,42342,59631,47010,29468
19-03,Taiwan,98510,4.70430679,6.414910777,29719,67812,96643,64,12,460,1331,7613,24934,25101,17349,13044,9490
19-03,Hong Kong,46068,-26.10202117,2.999919903,14116,31027,44679,61,5,265,1058,1597,10351,10333,8226,8773,5863
19-03,Macao,3049,-31.23590438,0.19854901,819,2205,2974,2,0,41,32,60,976,905,440,413,230
19-03,Phillipines,38701,-6.013065546,2.520185382,11556,11860,21542,166,119,108,16766,1989,6297,6541,4162,2664,1763
19-03,Indonesia,25626,26.84882685,1.668749402,9800,11420,18857,242,135,277,6115,2083,5810,5720,3888,2456,1263
19-03,Thailand,53100,-4.727729434,3.45783943,16052,31433,45605,66,397,136,6896,5577,12550,13698,8230,4641,2789
19-03,Vietnam,46991,24.79020608,3.060025097,20744,21018,32117,1047,186,5394,8247,4480,11937,10998,6360,5388,2599
19-03,India,10646,13.70287301,0.69326099,6103,1363,3051,3283,52,197,4063,342,1735,2756,1563,681,389
19-03,Malaysia,40789,7.779098956,2.656154661,14376,23942,37653,107,7,286,2736,5697,10012,8560,5923,5211,2915
19-03,Singapore,22105,-0.347128302,1.439464041,8476,12376,20524,161,7,49,1364,3822,4375,3731,3731,3201,1992
19-03,Mongolia,8724,-18.19204801,0.568101529,4335,4344,6691,119,383,967,564,816,1776,2643,2120,997,327
19-03,Uzbekistan,8405,11.85786532,0.547328445,6112,1814,3150,896,0,863,3496,451,2414,2742,1398,587,334
19-03,Myanmar,7021,15.24950755,0.457203214,3306,636,2026,17,52,102,4824,118,1687,1376,469,221,71
19-03,*GCC,3021,1.375838926,0.196725667,1658,1326,2758,22,19,135,87,633,775,773,405,278,120
19-03,Kazakhstan,4915,-10.2283105,0.320061785,2078,2532,3202,11,3,178,1521,561,1241,1093,806,577,332
19-03,Turkey,2532,2.75974026,0.164882287,1092,456,1369,15,73,38,1037,54,385,545,316,147,101
19-03,Cambodia,2501,8.362218371,0.162863586,1727,691,752,43,107,38,1561,109,1260,752,133,88,76
19-03,Sri Lanka,1494,0.201207243,0.097288364,1179,94,177,53,11,28,1225,26,539,523,118,49,18
19-03,Bangladesh,1704,14.20911528,0.110963435,1353,120,206,148,107,230,1013,62,624,493,186,85,23
19-03,Pakistan,1282,-11.7687543,0.083483054,1085,143,285,233,14,256,494,61,470,413,184,85,15
19-03,Israel,1613,6.609385327,0.105037571,1037,566,1549,11,1,1,51,31,159,224,296,290,603
19-03,Iran,382,-50.1305483,0.024875606,228,131,195,95,8,30,54,30,60,134,76,31,28
19-03,Asia others,6719,8.039877794,0.437537159,4533,1741,2759,547,241,402,2770,470,2435,1957,789,439,184
19-03,USA,84275,5.239825672,5.487936308,43129,35984,65448,400,2221,190,16016,7736,12709,14323,13477,15237,15631
19-03,Canada,18670,-0.865502044,1.215778948,8627,8840,14313,42,38,37,4240,2092,2557,3293,2901,3094,3530
19-03,Brazil,1673,4.693366708,0.108944734,754,629,1250,19,15,21,368,116,347,426,235,139,120
19-03,Mexico,2201,-3.633975482,0.14332777,1014,724,1663,7,1,18,512,90,437,528,283,228,172
19-03,America others,3208,13.19689485,0.208902992,1458,1102,2299,22,27,79,781,134,776,789,404,264,193
19-03,Russia,27992,8.778611122,1.82282187,12054,11568,20692,141,13,182,6964,2909,5430,6403,4511,2850,1519
19-03,UK,12813,4.536183405,0.834374701,7278,4663,11064,126,13,50,1560,415,1983,2151,1966,2182,3244
19-03,Germany,11142,-0.863066109,0.725560206,6960,3347,9496,219,29,106,1292,468,2076,2139,1853,2064,1707
19-03,France,7469,5.167558434,0.486376699,4327,2542,5824,274,60,245,1066,436,1776,1610,1484,978,585
19-03,Italy,3583,1.071932299,0.233322762,2364,775,2931,64,10,33,545,81,528,844,874,583,229
19-03,Netherland,2898,8.783783784,0.188715982,1688,737,2219,47,12,20,600,92,463,495,463,513,399
19-03,Ukraine,2368,4.732419284,0.154202708,688,316,630,95,6,17,1620,58,318,298,176,114,40
19-03,Spain,2007,-11.50793651,0.130694609,1247,610,1675,21,10,36,265,44,443,562,490,206,112
19-03,Romania,1044,7.628865979,0.06798464,355,164,494,5,3,2,540,29,100,177,106,79,28
19-03,Norway,858,-39.0625,0.055872434,546,272,723,37,1,24,73,92,199,146,143,162,76
19-03,Sweden,1458,-14.03301887,0.094944066,868,540,1261,30,9,47,111,85,332,264,307,266,154
19-03,Poland,1960,12.06403659,0.127633998,839,499,1264,8,1,21,666,38,351,477,245,129,98
19-03,Swiss,1224,-18.34556371,0.079706129,760,415,1054,13,1,21,135,49,215,226,209,239,237
19-03,Portugal,824,-16.08961303,0.053658375,394,333,686,2,0,8,128,18,153,203,163,125,65
19-03,Austria,911,-15.09785648,0.059323761,597,205,740,9,0,5,157,20,150,212,161,163,96
19-03,Finland,1082,-9.304274937,0.070459176,444,252,641,17,3,15,406,39,161,138,171,144,43
19-03,Belgium,1400,31.45539906,0.091167141,902,393,1161,16,20,9,194,34,189,275,266,312,219
19-03,Croatia,489,-25.57077626,0.03184338,192,51,211,11,1,3,263,4,53,76,56,39,15
19-03,Greece,803,-10.6785317,0.052290867,449,95,509,13,10,1,270,16,91,163,113,117,44
19-03,Bulgaria,455,-7.894736842,0.029629321,158,71,212,3,1,3,236,16,44,66,56,32,15
19-03,Denmark,1001,-13.78122308,0.065184506,609,269,813,11,5,10,162,64,198,153,181,166,116
19-03,Ireland,724,-3.466666667,0.047146436,457,209,587,7,2,5,123,21,150,153,132,115,95
19-03,Europe others,3300,2.262163,0.214893976,1469,863,2105,31,18,67,1079,107,580,647,532,272,194
19-03,Austrailia,12263,14.68250257,0.798559038,6337,5602,10769,99,31,13,1351,974,1504,2078,2083,2040,3260
19-03,New Zealand,2451,3.855932203,0.159607617,1304,1005,1800,24,4,2,621,188,363,499,366,482,411
19-03,Oceania others,430,13.75661376,0.028001336,228,119,331,2,6,2,89,20,79,99,79,48,22
19-03,South Africa,945,19.01763224,0.06153782,387,385,488,5,2,6,444,30,276,192,110,93,71
19-03,Africa others,3798,16.28903858,0.24732343,2136,642,1267,831,87,259,1354,136,729,924,595,294,100
19-03,Stateless,57,3.636363636,0.003711805,32,11,38,2,0,0,17,0,8,10,9,9,7
19-03,Overseas Korean,19225,-18.8681634,1.251920208,7845,11380,0,0,0,0,19225,918,1336,1901,4011,5402,5657
19-04,China,493250,34.54572236,30.16697797,180816,298870,410542,3575,362,9959,68812,16492,134102,139617,65302,62969,61204
19-04,Japan,290092,35.65018962,17.74191378,106567,180586,283101,1584,126,333,4948,28550,73721,49370,53623,45116,36773
19-04,Taiwan,113072,7.506393983,6.915439499,35445,76609,111505,73,13,147,1334,9518,23691,28047,20239,16531,14028
19-04,Hong Kong,76104,14.38534261,4.654491011,25868,49445,75074,47,2,90,891,12113,12084,14315,15750,12675,8376
19-04,Macao,4310,4.535532379,0.263597922,1226,3084,4292,1,1,3,13,375,1188,1196,575,558,418
19-04,Phillipines,66525,35.6186166,4.068643101,19859,26419,43794,228,167,45,22291,7525,9875,10284,8410,5904,4280
19-04,Indonesia,31427,12.58911618,1.922063085,10870,13853,22596,225,207,54,8345,2137,6622,6488,4424,3222,1830
19-04,Thailand,69726,7.734857849,4.264415014,20811,43277,61999,53,401,55,7218,7710,17390,17251,10301,7013,4423
19-04,Vietnam,63169,24.52737201,3.863391447,26558,31306,51939,1271,283,1284,8392,4636,14925,16384,9377,7854,4688
19-04,India,12933,21.53932901,0.790977245,6192,1777,4088,3039,53,75,5678,490,1707,2829,1641,821,481
19-04,Malaysia,43726,4.770576255,2.674265137,14850,26443,40894,120,4,27,2681,3801,10929,9100,6077,6478,4908
19-04,Singapore,23307,10.30288689,1.425447046,8532,13509,21814,116,1,19,1357,1914,5364,4648,3715,3616,2784
19-04,Mongolia,7582,-0.328644669,0.463712168,3670,3872,6389,83,299,248,563,762,1292,2457,1881,858,292
19-04,Uzbekistan,7378,3.289934201,0.451235608,5078,1742,3270,651,4,109,3344,197,1837,2480,1366,564,376
19-04,Myanmar,7272,-1.195652174,0.444752689,3026,1204,2716,13,62,17,4464,285,1557,1245,578,369,196
19-04,*GCC,3265,32.34698014,0.199686129,1812,1423,3115,24,17,34,75,516,864,914,470,334,137
19-04,Kazakhstan,4618,-3.731498853,0.282435082,2026,2280,3129,20,11,17,1441,391,1191,1151,689,520,364
19-04,Turkey,2826,-15.10964254,0.17283706,1190,709,1687,12,142,13,972,71,395,522,385,283,243
19-04,Cambodia,5325,34.81012658,0.325674927,3666,1659,2028,63,112,18,3104,500,2730,1226,341,268,260
19-04,Sri Lanka,1478,5.571428571,0.090393905,1118,126,313,72,6,8,1079,63,464,474,146,73,24
19-04,Bangladesh,1318,7.767784137,0.080608367,948,103,275,137,125,49,732,35,336,402,155,99,24
19-04,Pakistan,1218,7.597173145,0.074492406,1010,117,361,315,36,66,440,46,300,399,241,111,30
19-04,Israel,2221,17.95007966,0.135835495,1172,1039,2161,11,0,2,47,143,215,269,287,310,987
19-04,Iran,298,-54.50381679,0.018225564,207,74,148,79,5,12,54,9,39,114,66,43,10
19-04,Asia others,6762,11.62099703,0.413561287,4302,1845,3247,484,200,64,2767,417,2249,1806,884,542,249
19-04,USA,102524,14.9256241,6.270327926,50350,46617,83521,352,3763,113,14775,10481,13435,16627,15013,17478,23933
19-04,Canada,21361,15.03581238,1.306430444,9754,10266,17275,44,43,15,3984,1760,4313,3657,2745,3479,4066
19-04,Brazil,2212,22.68441486,0.135285059,975,893,1752,15,16,5,424,108,389,525,296,228,322
19-04,Mexico,3298,39.98302207,0.201704396,1358,1419,2722,7,7,15,547,328,632,720,456,331,310
19-04,America others,4422,25.34013605,0.270447798,1934,1568,3292,34,44,19,1033,155,898,1007,566,441,435
19-04,Russia,34205,9.235780666,2.091964483,13954,13781,25342,166,25,41,8631,2794,6918,7501,5078,3591,1853
19-04,UK,16707,25.02432089,1.021793616,8976,6664,14760,141,19,18,1769,1333,2814,3063,2227,2545,3658
19-04,Germany,12873,17.84145002,0.787307668,7417,4181,10819,212,28,84,1730,1172,2083,2532,2003,2218,1590
19-04,France,11616,14.17338313,0.710430038,6212,4671,10034,224,40,164,1154,1349,2707,2356,1914,1449,1108
19-04,Italy,4381,5.642633229,0.267940254,2395,1040,3238,46,18,12,1067,202,586,892,876,598,281
19-04,Netherland,4089,23.83403998,0.250081648,2322,1317,3452,48,8,12,569,378,736,665,640,722,498
19-04,Ukraine,2574,13.84343211,0.157424838,755,341,799,76,7,8,1684,58,343,321,223,117,34
19-04,Spain,2678,32.44312562,0.163785437,1532,945,2314,20,14,29,301,155,618,680,523,336,165
19-04,Romania,1323,15.54585153,0.080914165,440,310,721,6,3,1,592,35,180,243,135,96,61
19-04,Norway,1489,48.01192843,0.09106666,871,587,1382,29,3,8,67,134,472,275,204,192,181
19-04,Sweden,2188,17.6344086,0.133817228,1228,883,2007,18,16,22,125,227,563,453,360,263,245
19-04,Poland,2301,9.46717412,0.140728264,926,758,1615,9,7,11,659,124,400,492,330,166,172
19-04,Swiss,2236,27.77142857,0.136752889,1281,891,2068,15,9,11,133,265,456,408,325,364,354
19-04,Portugal,1192,13.09297913,0.072902256,475,606,1052,5,0,2,133,96,187,283,199,152,164
19-04,Austria,1140,6.343283582,0.069721956,636,350,935,9,1,9,186,60,242,224,188,154,118
19-04,Finland,1275,8.326253186,0.077978504,497,404,854,8,2,27,384,85,219,182,178,146,91
19-04,Belgium,1490,13.91437309,0.09112782,841,558,1313,20,5,8,144,138,339,242,255,264,161
19-04,Croatia,578,9.46969697,0.035350255,218,55,255,7,0,1,315,11,49,84,65,44,20
19-04,Greece,798,-6.884480747,0.048805369,428,101,501,15,0,0,282,44,71,167,132,77,38
19-04,Bulgaria,742,26.40545145,0.045380431,218,124,323,4,2,2,411,26,72,96,82,47,19
19-04,Denmark,1387,18.64841745,0.08482838,766,508,1196,16,10,14,151,191,331,206,210,201,135
19-04,Ireland,986,36.37621024,0.060303376,578,329,855,4,0,1,126,54,226,229,171,118,109
19-04,Europe others,4333,24.58309373,0.265004593,1857,1344,3032,54,30,24,1193,184,759,919,591,412,336
19-04,Austrailia,19938,28.63225806,1.219400318,9697,9901,18581,77,67,13,1200,2607,2517,3298,2990,2759,5427
19-04,New Zealand,3802,22.60561109,0.23252884,1956,1686,3189,19,11,2,581,473,629,674,473,647,746
19-04,Oceania others,471,1.290322581,0.028806177,226,146,343,3,8,13,104,26,80,99,88,50,29
19-04,South Africa,1159,17.66497462,0.070883989,477,425,676,7,1,1,474,33,299,215,146,108,101
19-04,Africa others,3858,3.487124464,0.235953778,2153,783,1797,786,68,70,1137,132,703,923,703,356,119
19-04,Stateless,64,-1.538461538,0.003914215,36,19,48,2,0,0,14,2,4,17,11,9,12
19-04,Overseas Korean,20174,-15.46616384,1.233833986,8255,11919,0,0,0,0,20174,443,1260,2035,3906,5741,6789
19-05,China,500413,35.16565736,33.68233083,187922,297661,413949,4034,534,14003,67893,17011,138797,141104,66171,63504,58996
19-05,Japan,286273,25.98380496,19.26876779,104270,179372,279174,2019,91,715,4274,20144,71069,47535,51611,47821,45462
19-05,Taiwan,101779,15.25978438,6.850649263,32707,68065,100004,84,11,234,1446,10262,21375,25044,18819,13791,11481
19-05,Hong Kong,57026,-0.512909979,3.838366705,17219,38862,55756,56,2,147,1065,5934,13256,10654,9285,10340,6612
19-05,Macao,2909,-7.208931419,0.195802068,758,2150,2885,1,0,13,10,182,924,853,368,365,216
19-05,Phillipines,50569,18.36758579,3.403752076,14645,16538,29015,201,176,56,21121,5084,6991,7129,5841,3647,2491
19-05,Indonesia,18936,-0.634937293,1.274564443,6964,6090,11464,154,152,75,7091,1662,3677,3053,2189,1472,1001
19-05,Thailand,52660,1.530868006,3.54449533,14714,32463,45671,61,445,71,6412,4348,15554,12607,7457,4588,2623
19-05,Vietnam,44416,31.89214871,2.989599403,19493,19561,32528,1073,368,2338,8109,4331,10596,10812,6071,4813,2431
19-05,India,13858,19.20860215,0.932769014,6498,1725,4483,2896,99,92,6288,539,1892,2822,1716,823,431
19-05,Malaysia,31217,22.79521674,2.101187063,11284,17612,28485,116,1,57,2558,3527,7075,6795,4640,3959,2900
19-05,Singapore,20114,1.750303521,1.353854521,7546,11277,18448,152,2,71,1441,1705,4983,3656,3311,3146,2022
19-05,Mongolia,8014,2.835878352,0.539414842,3899,4073,6742,95,283,390,504,648,1390,2591,2037,988,318
19-05,Uzbekistan,6839,-0.754607459,0.460326691,4721,1617,3055,830,3,152,2799,239,1706,2403,1186,505,299
19-05,Myanmar,6556,1.126021903,0.441278226,2971,629,1990,17,83,33,4433,132,1395,1221,515,248,89
19-05,*GCC,930,-27.79503106,0.06259743,655,252,819,21,2,51,37,126,287,243,144,69,38
19-05,Kazakhstan,4585,-1.142733937,0.30861206,1998,2297,3349,15,9,38,1174,494,1263,1087,651,461,339
19-05,Turkey,2492,-2.312818503,0.167734188,1038,457,1334,12,78,45,1023,40,376,506,332,148,93
19-05,Cambodia,4236,-3.507972665,0.285121197,2953,1277,1484,44,144,22,2542,218,2164,1210,257,204,177
19-05,Sri Lanka,1538,-9.101654846,0.103521341,1249,67,251,64,2,7,1214,10,429,606,160,80,31
19-05,Bangladesh,1225,4.880136986,0.082453604,865,116,242,102,106,30,745,39,315,384,168,60,15
19-05,Pakistan,854,-25.28433946,0.057481941,686,112,290,180,19,62,303,68,194,270,160,75,31
19-05,Israel,1409,9.735202492,0.094838472,908,491,1331,9,0,3,66,38,251,243,284,218,365
19-05,Iran,271,-62.41331484,0.018240756,190,68,146,62,5,13,45,15,44,109,55,26,9
19-05,Asia others,4786,-23.7776716,0.322141182,3086,1151,1953,348,214,61,2210,223,1513,1423,615,299,164
19-05,USA,95815,13.25516247,6.449218003,47995,41970,76044,368,3153,308,15942,10775,17360,14919,13668,16001,17242
19-05,Canada,19439,4.224974532,1.308420902,9036,9127,15237,47,27,49,4079,1511,5140,3135,2421,3254,2702
19-05,Brazil,2054,20.89464391,0.138252818,947,713,1550,18,14,15,457,103,389,504,299,196,169
19-05,Mexico,2565,24.21307506,0.17264775,1144,913,1934,3,13,68,547,99,532,557,315,328,226
19-05,America others,3646,12.6003706,0.245408849,1649,1343,2779,29,36,48,754,103,814,919,500,331,325
19-05,Russia,32955,23.48709109,2.218170217,14269,12920,24861,165,39,87,7803,3189,6583,7569,4882,3353,1613
19-05,UK,11522,6.655558641,0.77553504,6615,3949,9737,137,16,44,1588,446,2383,2371,1794,1946,1624
19-05,Germany,10103,4.165377874,0.680023477,6418,2642,8262,220,23,213,1385,427,1748,2307,1770,1810,998
19-05,France,10395,10.7028754,0.699677724,5653,3820,8254,267,54,430,1390,620,2571,2027,1683,1352,1220
19-05,Italy,4856,8.417057379,0.326852817,2681,947,3400,61,19,54,1322,82,594,892,995,669,396
19-05,Netherland,3348,8.560311284,0.225350748,1991,946,2737,31,5,57,518,166,717,586,584,540,344
19-05,Ukraine,2397,6.438721137,0.161339827,686,301,698,89,2,10,1598,51,299,293,176,126,42
19-05,Spain,2403,6.468763846,0.161743682,1479,737,2032,20,17,64,270,70,496,576,547,269,258
19-05,Romania,1122,3.03030303,0.07552077,366,196,542,4,1,8,567,8,127,215,110,76,26
19-05,Norway,820,-4.982618772,0.055193433,555,233,716,19,0,32,53,36,171,154,162,156,109
19-05,Sweden,1655,4.879594423,0.111396502,1042,544,1485,24,8,36,102,86,435,334,294,270,167
19-05,Poland,2259,20.80213904,0.152051176,985,597,1489,10,3,26,731,52,382,568,320,141,119
19-05,Swiss,1585,9.159779614,0.106684867,1012,515,1434,22,1,30,98,68,332,294,290,303,240
19-05,Portugal,916,12.53071253,0.061655103,433,350,749,12,0,6,149,32,161,217,173,120,80
19-05,Austria,992,3.657262278,0.066770592,614,257,800,4,3,14,171,22,214,230,169,137,99
19-05,Finland,1329,9.653465347,0.089453747,562,389,864,12,7,57,389,48,306,178,195,159,65
19-05,Belgium,1245,22.41887906,0.083799785,783,329,1012,21,4,23,185,16,257,245,247,219,128
19-05,Croatia,569,17.31958763,0.038298858,221,49,252,5,1,2,309,8,48,89,66,36,23
19-05,Greece,749,-2.727272727,0.050414489,459,81,495,21,2,1,230,16,87,155,136,96,50
19-05,Bulgaria,639,0.947867299,0.043010492,204,148,330,3,2,2,302,11,70,84,89,59,39
19-05,Denmark,1181,16.12586037,0.079492005,745,328,979,14,11,29,148,86,264,187,218,229,89
19-05,Ireland,752,0.939597315,0.050616416,450,239,619,14,2,1,116,20,207,159,143,93,67
19-05,Europe others,3962,19.30141524,0.266678513,1708,1018,2495,44,22,55,1346,134,695,797,575,302,223
19-05,Austrailia,13558,8.707504811,0.912576295,7049,6195,12114,77,46,50,1271,972,1808,2442,2294,2282,3446
19-05,New Zealand,3172,4.514003295,0.213504352,1685,1344,2550,21,8,3,590,234,469,574,397,649,706
19-05,Oceania others,638,19.69981238,0.042943183,312,215,499,2,10,6,121,39,124,127,127,71,39
19-05,South Africa,1064,-2.115915363,0.071616844,393,302,513,9,7,2,533,15,243,174,120,95,48
19-05,Africa others,3214,-24.30522845,0.216331333,1670,504,1208,578,72,93,1263,91,506,691,484,298,104
19-05,Stateless,72,1.408450704,0.004846253,34,19,44,3,0,0,25,4,7,19,7,10,6
19-05,Overseas Korean,18788,-18.95086493,1.264602702,7694,11094,0,0,0,0,18788,322,1285,1856,3575,5606,6144
19-06,China,475007,25.03770818,32.1772936,169793,292378,395196,3743,399,14680,60989,27351,138838,133662,60406,54228,47686
19-06,Japan,282476,20.05287025,19.13511419,98280,181523,275286,1901,136,771,4382,18006,77298,51694,51452,45179,36174
19-06,Taiwan,118437,15.14052672,8.023002023,37622,79905,116323,84,24,719,1287,19121,26305,26066,22281,13404,10350
19-06,Hong Kong,61728,-6.665053828,4.181496229,18462,42499,60526,46,2,280,874,9344,14229,10823,10073,10151,6341
19-06,Macao,3622,-5.701640198,0.245356716,982,2640,3556,1,0,55,10,479,1268,883,417,352,223
19-06,Phillipines,40748,8.505086009,2.760296921,12415,12639,22430,174,166,80,17898,3371,6607,6006,4561,2868,1641
19-06,Indonesia,27880,22.10397232,1.888609948,12320,11266,19928,182,346,223,7201,5310,5677,4581,4066,2391,1561
19-06,Thailand,37684,-8.132618235,2.552739501,10342,21860,30596,61,308,115,6604,2392,11601,8936,4711,2916,1646
19-06,Vietnam,58339,20.79718397,3.95192309,23902,29152,45005,1098,542,3490,8204,10409,11320,12393,9385,6434,3113
19-06,India,13249,28.0591533,0.897496169,7088,1959,4892,3084,194,121,4958,749,2171,3089,1867,839,332
19-06,Malaysia,25538,-7.561443515,1.729961293,9790,13595,22652,121,5,139,2621,3317,6290,5083,3826,2943,1926
19-06,Singapore,24743,7.033784661,1.676107458,10238,13238,23162,128,11,50,1392,4952,5511,3490,4619,2808,2096
19-06,Mongolia,9244,1.326318097,0.626194776,4093,5114,7647,74,284,584,655,1520,1717,2922,1942,847,259
19-06,Uzbekistan,7295,8.074074074,0.494168206,4938,1875,3429,862,5,197,2802,490,1871,2397,1295,480,280
19-06,Myanmar,6303,6.559594252,0.426969458,2716,539,1621,15,154,71,4442,107,1404,1102,393,185,64
19-06,*GCC,4736,82.50481696,0.320819825,2831,1749,4318,42,12,112,252,897,1109,1341,651,427,155
19-06,Kazakhstan,4829,6.108547572,0.327119707,2018,2497,3472,13,2,98,1244,836,1315,1014,727,373,250
19-06,Turkey,2835,13.44537815,0.192044806,1111,743,1613,6,137,37,1042,160,490,554,353,167,130
19-06,Cambodia,3733,35.99271403,0.25287593,2504,1228,1274,48,192,30,2189,198,1966,1027,263,174,104
19-06,Sri Lanka,1819,-5.751295337,0.123220283,1437,108,245,76,5,14,1479,24,746,540,152,57,26
19-06,Bangladesh,1260,0.398406375,0.085353247,928,118,237,144,93,41,745,56,366,381,148,74,21
19-06,Pakistan,979,-11.88118812,0.066318118,814,142,356,228,29,61,305,83,275,318,182,76,22
19-06,Israel,940,4.910714286,0.063676232,714,216,879,10,1,1,49,28,164,225,238,160,115
19-06,Iran,384,-34.24657534,0.026012418,276,84,252,52,8,16,56,18,71,141,71,43,16
19-06,Asia others,6396,10.65743945,0.433269341,4356,1641,2797,456,360,133,2650,428,2333,1798,796,469,173
19-06,USA,105398,11.24738764,7.139731395,52374,47515,86508,367,3470,350,14703,25567,16732,13859,17788,15491,10452
19-06,Canada,16133,11.10116383,1.092860269,7417,7400,12012,38,26,46,4011,2206,3547,2573,2299,2469,1723
19-06,Brazil,1924,19.13312693,0.130333054,881,749,1481,19,23,18,383,146,442,470,310,154,108
19-06,Mexico,2361,16.13379242,0.159935728,960,945,1821,7,3,47,483,245,624,378,306,225,127
19-06,America others,3370,20.1426025,0.228286066,1576,1336,2732,14,41,47,536,259,941,799,463,272,178
19-06,Russia,28666,6.97865353,1.941854116,11588,12522,21774,175,33,110,6574,5006,5402,5961,4069,2345,1327
19-06,UK,11155,5.375023616,0.755647201,6305,4053,9538,129,10,46,1432,932,2745,1965,1643,1795,1278
19-06,Germany,8947,6.208452042,0.606075796,5571,2462,7284,209,25,160,1269,817,1592,1821,1615,1540,648
19-06,France,8559,10.92534992,0.579792415,4650,3110,6915,229,25,297,1093,765,2493,1513,1336,1005,648
19-06,Italy,4136,4.470825966,0.280175421,2295,1001,3039,47,13,68,969,242,630,747,820,577,280
19-06,Netherland,2900,11.79645335,0.19644795,1637,832,2252,41,4,35,568,174,641,514,494,433,213
19-06,Ukraine,1941,0.674273859,0.131484645,597,256,606,83,3,21,1228,87,257,249,146,87,27
19-06,Spain,2590,21.3683224,0.175448342,1479,961,2238,27,7,51,267,225,551,583,547,295,239
19-06,Romania,984,0.1017294,0.066656822,328,229,524,9,7,5,439,22,124,191,110,72,38
19-06,Norway,1156,5.186533212,0.078308217,649,480,1069,27,0,11,49,229,313,176,182,144,85
19-06,Sweden,2079,2.413793103,0.140832858,1103,914,1926,26,9,31,87,394,608,272,364,290,89
19-06,Poland,2201,29.54679223,0.14909722,926,643,1479,12,0,20,690,157,434,443,291,161,83
19-06,Swiss,1239,2.143446002,0.083930693,771,426,1132,19,3,14,71,119,299,217,213,217,132
19-06,Portugal,868,4.704463209,0.058798904,390,381,751,5,0,2,110,68,180,213,161,109,40
19-06,Austria,889,8.150851582,0.060221458,542,247,743,6,1,12,127,56,174,183,155,147,74
19-06,Finland,1338,12.24832215,0.09063702,537,469,946,9,1,36,346,211,251,184,195,125,40
19-06,Belgium,1181,29.21225383,0.080001734,711,346,986,19,1,10,165,89,259,212,216,176,105
19-06,Croatia,403,-7.780320366,0.027299491,181,36,207,2,0,1,193,5,41,76,54,27,14
19-06,Greece,765,-3.164556962,0.051821614,439,107,508,18,1,3,235,26,83,165,117,86,69
19-06,Bulgaria,448,-13.84615385,0.030347821,157,69,215,1,1,0,231,7,59,73,48,32,7
19-06,Denmark,939,7.191780822,0.063608491,587,265,767,7,8,27,130,77,257,132,179,153,54
19-06,Ireland,820,7.894736842,0.055547351,488,275,682,6,5,7,120,64,226,180,153,98,42
19-06,Europe others,3519,21.09428768,0.238379426,1461,1051,2213,46,32,47,1181,233,712,707,520,234,106
19-06,Austrailia,13201,11.48551643,0.894244617,6796,6132,11804,77,61,57,1202,1811,2065,2129,2421,2112,2390
19-06,New Zealand,3547,23.84776536,0.240276165,1873,1528,2949,12,15,1,570,504,550,641,529,595,582
19-06,Oceania others,604,15.93090211,0.040915366,290,233,503,4,9,1,87,42,118,121,103,95,44
19-06,South Africa,973,13.4032634,0.065911674,428,411,689,3,7,3,271,66,301,200,128,101,43
19-06,Africa others,3625,14.24519382,0.245559938,2074,886,1822,662,68,116,957,165,763,927,620,337,148
19-06,Stateless,44,-42.10526316,0.00298059,25,12,33,2,0,0,9,2,5,11,10,6,3
19-06,Overseas Korean,17111,-19.61760699,1.159110646,6912,10199,0,0,0,0,17111,459,1284,1890,3982,4906,4590
19-07,China,519132,26.51357299,35.84999865,186367,319475,439699,3587,356,10847,64643,73000,136470,132334,67717,50810,45511
19-07,Japan,274830,19.22589713,18.9790942,95905,176508,267816,1855,149,694,4316,29935,74999,45684,51048,41920,28827
19-07,Taiwan,113587,16.26576318,7.844043128,39999,72875,112231,75,22,184,1075,30750,16713,20271,25784,11140,8216
19-07,Hong Kong,59036,1.135799085,4.076883183,20878,37396,57868,50,1,212,905,14776,10055,9485,11751,7629,4578
19-07,Macao,5246,-5.52854313,0.362276055,1705,3541,5207,1,0,23,15,1575,1162,1090,693,407,319
19-07,Phillipines,29074,-0.557512741,2.007780027,8468,7083,13795,160,171,121,14827,1651,4215,3960,2964,1854,907
19-07,Indonesia,18260,1.101821605,1.260991377,8062,6266,11279,146,255,230,6350,2333,4187,3404,2519,1346,539
19-07,Thailand,37278,11.47727273,2.574328398,10535,21228,30132,58,230,108,6750,2711,11238,8904,4717,2683,1510
19-07,Vietnam,52521,13.41179011,3.626973061,21621,25633,39404,1049,348,3062,8658,8985,11103,10993,8094,5436,2643
19-07,India,10432,5.065968375,0.720408655,5899,1305,3509,2828,51,142,3902,448,1688,2524,1576,668,300
19-07,Malaysia,16831,7.244806933,1.162308098,6528,8095,14055,124,8,128,2516,1730,4669,3599,2300,1561,764
19-07,Singapore,10992,-4.591615311,0.759080899,4442,5241,9392,138,6,43,1413,701,2800,1899,2088,1580,615
19-07,Mongolia,8766,-3.351708931,0.60535873,3857,4870,6941,78,233,740,774,1666,1928,2372,1760,758,243
19-07,Uzbekistan,7405,5.831070459,0.511371366,4949,1904,3444,600,1,336,3024,555,2050,2306,1247,442,253
19-07,Myanmar,5421,-14.07513077,0.374361131,2307,452,1657,12,114,72,3566,105,1106,965,367,173,43
19-07,*GCC,4638,15.92101975,0.320289047,2379,2216,4494,5,13,40,86,1554,1064,849,621,377,130
19-07,Kazakhstan,4953,11.45364536,0.342042185,2001,2610,3612,11,4,81,1245,995,1349,1034,607,387,239
19-07,Turkey,2962,10.39880731,0.204548546,1125,709,1684,18,34,34,1192,202,532,514,378,151,57
19-07,Cambodia,2565,2.313522138,0.177132688,1652,910,961,56,141,51,1356,283,1240,633,181,135,90
19-07,Sri Lanka,1355,-11.14754098,0.093573018,1073,126,241,54,3,38,1019,54,496,468,121,42,18
19-07,Bangladesh,1196,-12.25238445,0.082592863,867,142,221,135,119,72,649,65,326,347,162,88,21
19-07,Pakistan,1087,-9.79253112,0.075065587,882,171,389,212,27,114,345,115,256,373,190,93,26
19-07,Israel,1320,11.29848229,0.091156003,880,439,1274,8,4,4,30,201,217,252,278,216,155
19-07,Iran,318,-54.82954545,0.02196031,215,87,178,57,11,26,46,43,42,110,59,35,13
19-07,Asia others,5878,2.06633096,0.405920444,3925,1482,2541,471,163,229,2474,620,2007,1566,750,331,133
19-07,USA,97428,7.929544699,6.728141723,47919,43696,77224,359,3486,190,16169,23904,15300,13328,16637,14065,8381
19-07,Canada,16103,7.339021464,1.112034181,7271,7510,11868,36,37,51,4111,3506,2979,2300,2643,2184,1169
19-07,Brazil,1979,22.84295469,0.136664947,905,807,1582,16,10,29,342,282,463,426,284,160,97
19-07,Mexico,3253,11.59519726,0.224644302,1311,1500,2669,8,4,81,491,598,903,488,395,290,137
19-07,America others,3494,17.92102599,0.241287178,1579,1522,2823,21,44,104,502,516,935,727,446,300,177
19-07,Russia,28421,0.569709837,1.962685428,10755,12968,21331,164,43,109,6774,5628,5966,5151,3540,2292,1146
19-07,UK,10826,1.338575307,0.747617341,6129,4007,9208,128,14,44,1432,1878,2290,1871,1764,1583,750
19-07,Germany,9675,6.306999231,0.668132068,5781,2962,7953,211,29,109,1373,1594,1740,1731,1658,1579,441
19-07,France,10716,11.79968701,0.740021007,5347,4536,9121,207,48,217,1123,2300,2695,1738,1632,1138,380
19-07,Italy,4388,14.89918827,0.303024653,2514,1056,3259,62,13,36,1018,337,716,811,893,625,188
19-07,Netherland,4141,16.02689829,0.285967431,2197,1516,3500,49,10,43,539,795,1072,468,606,592,180
19-07,Ukraine,2230,5.437352246,0.153998399,758,361,813,100,5,31,1281,114,364,309,183,117,32
19-07,Spain,3066,15.30650621,0.211730535,1657,1231,2709,18,20,35,284,368,746,646,626,344,158
19-07,Romania,945,4.419889503,0.065259411,337,201,503,8,1,6,427,57,142,163,99,65,12
19-07,Norway,1494,15.54524362,0.103172022,774,693,1398,19,4,18,55,332,396,202,248,211,78
19-07,Sweden,1727,9.79020979,0.119262437,986,668,1558,19,6,13,131,293,516,275,292,205,73
19-07,Poland,1954,3.167898627,0.134938508,763,653,1330,12,1,24,587,231,408,349,255,117,56
19-07,Swiss,2029,22.59818731,0.140117826,1089,889,1921,13,4,15,76,460,532,272,285,306,123
19-07,Portugal,957,-1.340206186,0.066088102,453,434,850,5,1,6,95,160,203,182,178,113,51
19-07,Austria,1174,8.502772643,0.081073597,654,411,1000,6,0,17,151,180,259,210,182,149,85
19-07,Finland,1013,6.29590766,0.069955327,368,288,622,8,0,14,369,119,197,122,117,81,20
19-07,Belgium,1549,20.92115535,0.106970189,828,618,1374,15,1,13,146,295,429,216,236,208,62
19-07,Croatia,455,4.118993135,0.031421198,256,48,289,3,0,2,161,13,73,89,72,39,18
19-07,Greece,799,13.81766382,0.055177005,464,140,569,11,5,1,213,76,118,133,132,97,48
19-07,Bulgaria,543,6.0546875,0.037498265,217,121,311,2,3,8,219,51,78,69,85,42,13
19-07,Denmark,1507,24.64846981,0.10406977,802,617,1348,8,10,15,126,312,423,162,247,207,68
19-07,Ireland,806,8.187919463,0.055660408,466,283,658,6,2,2,138,109,232,143,129,96,40
19-07,Europe others,4106,24.34887947,0.283550416,1769,1363,2858,36,47,57,1108,537,1077,652,516,245,105
19-07,Austrailia,11840,3.037159516,0.817641725,6091,5451,10403,79,40,40,1278,2220,2087,2012,2255,1658,1310
19-07,New Zealand,2799,4.831460674,0.193292161,1400,1256,2176,14,5,5,599,466,462,508,412,449,359
19-07,Oceania others,566,-1.393728223,0.039086589,290,207,464,4,9,8,81,62,131,108,84,82,30
19-07,South Africa,933,-1.582278481,0.06443072,457,362,647,4,3,4,275,60,278,183,123,116,59
19-07,Africa others,4423,7.694180667,0.305441668,2567,1055,2364,719,94,190,1056,328,1072,969,719,414,120
19-07,Stateless,58,-3.333333333,0.00400534,27,18,40,0,0,1,17,6,9,7,9,10,4
19-07,Overseas Korean,15587,-20.07486412,1.07640047,6241,9346,0,0,0,0,15587,646,1183,1702,3842,4375,3839
19-08,China,578112,20.90852052,36.44407517,216737,345329,451570,3625,388,44291,78238,78339,160089,142873,76689,57236,46840
19-08,Japan,329652,4.643123562,20.78120203,113714,212982,318985,2195,165,2957,5350,73005,86736,44324,56869,40649,25113
19-08,Taiwan,109273,8.710964314,6.888550015,37471,70789,106682,73,17,1088,1413,27979,20487,19175,22826,11041,6752
19-08,Hong Kong,65958,4.039623326,4.157980305,23780,41328,64438,74,6,474,966,17324,10910,9862,13538,8452,5022
19-08,Macao,6321,-1.542056075,0.398474689,2174,4146,6258,3,0,49,11,1892,1247,1254,944,549,434
19-08,Phillipines,41817,37.28947109,2.636136063,9660,7105,13342,144,157,305,27869,1166,4750,5078,3102,1809,860
19-08,Indonesia,18210,15.28234996,1.147955083,6701,4940,8337,103,262,814,8694,1202,4007,2885,1896,1160,491
19-08,Thailand,32830,15.128349,2.06959722,9448,17456,24857,50,318,423,7182,2071,9056,7269,4133,2621,1754
19-08,Vietnam,43583,17.52190913,2.747464381,18868,19648,28562,1020,245,4152,9604,5706,10881,9670,5962,4391,1906
19-08,India,17001,60.23562677,1.071739943,6465,1671,3870,2850,114,341,9826,503,2057,2938,1596,708,334
19-08,Malaysia,20520,6.774898533,1.293577062,7695,10396,16892,115,13,690,2810,2717,5781,3784,2816,1941,1052
19-08,Singapore,13008,9.837034535,0.82002195,5147,6564,11003,206,8,367,1424,798,3102,2547,2282,1865,1117
19-08,Mongolia,9626,-7.602226915,0.606821287,4368,5206,5984,106,228,1762,1546,1954,2418,2557,1647,757,241
19-08,Uzbekistan,7983,5.09478673,0.503246866,5356,2108,2707,590,9,1379,3298,923,2441,2298,1127,446,229
19-08,Myanmar,5523,5.159939071,0.348168914,2348,565,1373,9,80,212,3849,113,1221,1048,351,137,43
19-08,*GCC,5285,23.85751113,0.333165437,2627,2611,4922,15,19,178,151,1559,1524,1053,550,419,133
19-08,Kazakhstan,4948,7.917121047,0.311921019,1969,2627,2810,14,20,611,1493,971,1417,965,647,372,224
19-08,Turkey,3015,-5.692837035,0.190065051,1087,888,1625,17,45,212,1116,244,710,488,326,150,57
19-08,Cambodia,2619,21.19389172,0.165101283,1739,880,1008,51,137,158,1265,205,1178,815,173,110,138
19-08,Sri Lanka,1916,18.05298829,0.120784291,1320,182,401,47,7,84,1377,31,591,618,172,67,23
19-08,Bangladesh,1868,20.51612903,0.11775838,1438,221,381,142,89,271,985,98,611,604,212,101,33
19-08,Pakistan,1191,1.794871795,0.075080423,979,173,315,181,22,340,333,82,457,388,121,84,20
19-08,Israel,1110,-7.883817427,0.069974198,708,399,1029,10,1,17,53,155,255,163,235,166,133
19-08,Iran,526,-12.91390728,0.033158944,321,192,348,29,7,63,79,107,114,157,76,44,15
19-08,Asia others,6449,25.17468944,0.406543785,4003,1933,2715,397,209,799,2329,748,2169,1731,774,374,140
19-08,USA,86586,11.98541109,5.458365668,43314,37094,62072,450,3224,1552,19288,13912,16819,13577,13230,12918,9952
19-08,Canada,16700,13.71374098,1.052764958,7645,7403,11304,43,34,175,5144,2530,3744,2655,2403,2375,1341
19-08,Brazil,2188,23.5460192,0.137931121,1006,792,1587,21,13,98,469,241,475,490,298,155,139
19-08,Mexico,2809,36.09496124,0.177078848,1133,1025,1862,11,12,235,689,249,687,482,359,243,138
19-08,America others,4200,34.87475915,0.264767235,1691,1524,2723,18,34,308,1117,293,1041,839,463,337,242
19-08,Russia,28700,24.7771836,1.809242772,10968,13609,20964,133,39,592,6972,4587,6150,5524,4148,2723,1445
19-08,UK,13116,17.82249371,0.826830251,7029,4825,9810,141,26,239,2900,1891,3266,2195,1860,1672,970
19-08,Germany,11159,11.47852148,0.703461327,6301,3791,8239,236,24,1027,1633,1575,3039,1834,1485,1516,643
19-08,France,12984,21.0968103,0.818508995,6419,5697,9744,246,75,1420,1499,2656,4238,1882,1646,1229,465
19-08,Italy,5915,38.29787234,0.372880523,2650,1706,3861,87,30,212,1725,455,1088,1061,824,628,300
19-08,Netherland,3961,16.91263282,0.249700718,2171,1279,2848,47,11,401,654,634,1074,482,565,492,203
19-08,Ukraine,2904,32.66331658,0.183067631,748,359,711,63,5,64,2061,137,346,309,191,98,26
19-08,Spain,4554,34.53471196,0.28708333,2431,1939,3926,29,18,253,328,600,1121,1061,775,554,259
19-08,Romania,1432,54.64362851,0.090273019,415,287,638,10,3,32,749,67,187,182,158,83,25
19-08,Norway,803,-18.31129196,0.050620974,479,290,584,36,3,116,64,97,236,129,136,117,54
19-08,Sweden,1490,9.478324761,0.093929329,846,590,1114,35,2,219,120,183,573,230,198,174,78
19-08,Poland,2326,18.79468846,0.146630616,903,824,1571,10,3,95,647,243,558,416,305,131,74
19-08,Swiss,1664,18.26581379,0.104898257,970,657,1478,22,0,80,84,205,601,256,227,224,114
19-08,Portugal,1342,29.78723404,0.084599436,570,570,1055,6,0,46,235,235,272,202,208,164,59
19-08,Austria,1218,13.40782123,0.076782498,654,441,966,9,2,78,163,132,368,199,151,159,86
19-08,Finland,1075,5.083088954,0.067767804,445,284,546,11,2,145,371,68,279,124,121,98,39
19-08,Belgium,1305,27.0691334,0.082266962,723,486,995,17,4,112,177,182,336,239,213,163,76
19-08,Croatia,614,49.02912621,0.038706448,197,53,223,11,0,6,374,6,47,57,75,50,15
19-08,Greece,778,13.41107872,0.049044978,427,159,508,36,0,7,227,40,100,168,123,76,79
19-08,Bulgaria,751,25.16666667,0.047342903,186,174,321,4,1,27,398,57,107,65,72,45,14
19-08,Denmark,1045,4.291417166,0.06587661,569,397,728,13,10,162,132,75,425,132,170,122,42
19-08,Ireland,932,15.92039801,0.05875311,548,271,579,9,3,20,321,66,281,202,134,91,45
19-08,Europe others,4668,22.61623325,0.29426987,1776,1474,2668,38,20,382,1560,401,1170,686,521,272,200
19-08,Austrailia,13647,17.88027987,0.860304394,6992,6299,12019,95,42,108,1383,1111,1667,2045,2000,2080,4388
19-08,New Zealand,3112,13.86754482,0.196179913,1628,1333,2436,21,10,11,634,271,519,521,406,492,752
19-08,Oceania others,609,-0.163934426,0.038391249,304,239,519,1,6,9,74,104,136,149,94,36,24
19-08,South Africa,1887,27.5862069,0.118956136,659,751,634,6,1,11,1235,61,659,322,159,138,71
19-08,Africa others,4864,16.97931698,0.306625674,2702,1286,2081,593,165,841,1184,380,1219,1202,656,410,121
19-08,Stateless,57,-24,0.00359327,29,21,36,1,0,8,12,2,16,4,10,13,5
19-08,Overseas Korean,16560,-17.72246236,1.043939383,6938,9622,0,0,0,0,16560,1019,1466,1757,3797,4571,3950
19-09,China,541350,24.56424947,37.08730228,198669,330432,432018,3873,447,25545,79467,23689,168939,153165,67744,63315,52249
19-09,Japan,251119,1.320169298,17.20389076,89993,158395,242475,2362,211,1137,4934,30541,76212,37803,40138,35970,27724
19-09,Taiwan,102758,17.63803505,7.039839305,33054,68711,100888,112,14,300,1444,9320,25344,25523,17754,13424,10400
19-09,Hong Kong,45911,-7.528852545,3.145312894,14579,30584,44708,49,7,256,891,1796,11432,9506,7831,8902,5696
19-09,Macao,2727,-10.14827018,0.186823817,768,1959,2687,2,0,24,14,122,990,804,349,299,163
19-09,Phillipines,36252,8.451251982,2.483585263,11026,10400,18539,203,196,121,17193,1170,6381,6349,3638,2341,1547
19-09,Indonesia,19309,5.883965782,1.322838681,8226,6912,11858,149,317,279,6706,1240,4915,4081,2432,1606,864
19-09,Thailand,36052,5.114000816,2.46988348,10197,20468,28877,54,411,133,6577,1902,10416,8616,4384,3163,2184
19-09,Vietnam,43617,16.37096129,2.988153438,18567,20344,28210,1064,530,5577,8236,4875,11390,10032,5639,4774,2201
19-09,India,12716,11.61239358,0.87115939,6847,1600,4111,3152,146,186,5121,340,2033,3118,1799,806,351
19-09,Malaysia,28020,-2.072484535,1.919619858,10219,15736,25123,166,5,251,2475,2240,8957,6158,3624,3016,1960
19-09,Singapore,17745,15.63273817,1.215690734,7025,9452,16137,137,13,63,1395,2102,3584,3315,3029,2725,1722
19-09,Mongolia,10900,-1.801801802,0.746747197,5208,5658,8120,122,315,1155,1188,1308,2297,3417,2361,1119,364
19-09,Uzbekistan,9056,13.78313859,0.620416753,6445,2073,3093,853,1,1484,3625,952,2690,2730,1297,567,282
19-09,Myanmar,6534,18.60591759,0.447637264,3063,617,1832,19,255,93,4335,148,1575,1225,436,217,79
19-09,*GCC,2462,25.35641548,0.168668954,1579,834,2187,30,6,135,104,254,829,692,354,190,94
19-09,Kazakhstan,4909,13.45042755,0.336310274,2121,2493,2956,17,2,179,1755,434,1437,1142,773,490,338
19-09,Turkey,2802,19.43734015,0.191961986,1198,555,1561,21,61,37,1122,79,494,625,331,160,64
19-09,Cambodia,3629,82.45349422,0.24861886,2371,1256,1794,49,170,32,1584,415,1521,961,285,220,225
19-09,Sri Lanka,2103,22.26744186,0.144074253,1760,156,351,81,8,22,1641,41,888,695,173,98,21
19-09,Bangladesh,1880,18.68686869,0.128796764,1576,138,302,167,102,185,1124,57,716,593,206,110,32
19-09,Pakistan,1459,9.78179082,0.09995451,1282,140,323,310,29,321,476,57,593,463,182,105,22
19-09,Israel,1837,-6.035805627,0.125850881,1051,771,1779,11,1,3,43,125,456,323,323,268,327
19-09,Iran,446,-21.47887324,0.030554977,268,168,281,63,8,42,52,31,86,156,83,57,23
19-09,Asia others,7350,34.24657534,0.503540541,4834,2008,3328,567,315,299,2841,525,2549,1984,964,591,229
19-09,USA,90819,15.21452313,6.221911344,45746,39440,70634,421,2736,186,16842,6114,14244,15643,13913,17068,18204
19-09,Canada,18213,16.25071807,1.247752908,8549,8197,13449,50,39,31,4644,1076,3465,3525,2498,3112,3070
19-09,Brazil,2498,46.2529274,0.171135275,1199,992,2029,23,17,36,393,124,508,723,424,225,187
19-09,Mexico,3038,52.89380976,0.20813009,1362,1221,2506,3,12,27,490,120,635,750,418,351,309
19-09,America others,4588,27.19711672,0.314318912,2152,1928,3756,18,73,77,664,242,1012,1150,713,526,437
19-09,Russia,30266,29.40824354,2.073490886,11907,12896,21349,175,36,155,8551,2637,6754,6507,4197,2910,1798
19-09,UK,13325,23.91890635,0.912881321,7924,4649,11473,156,28,13,1655,561,3180,2852,2073,2269,1638
19-09,Germany,12670,17.75092937,0.86800798,7501,4210,10802,218,21,89,1540,912,2913,2616,1998,1995,1277
19-09,France,10242,28.92749245,0.701668329,5629,3797,8587,245,32,127,1251,532,2987,2330,1538,1152,887
19-09,Italy,4513,0.691655511,0.309180743,2690,1128,3550,81,17,26,839,159,760,1010,929,652,308
19-09,Netherland,3485,10.42458809,0.238753576,2053,956,2816,28,9,18,614,136,715,637,641,561,319
19-09,Ukraine,2214,4.286387188,0.151678743,667,384,715,80,5,26,1388,76,302,364,174,96,39
19-09,Spain,3134,22.85378283,0.214706946,1747,1205,2764,27,14,30,299,151,755,858,644,348,196
19-09,Romania,1179,12.60744986,0.080772013,408,309,675,12,5,4,483,42,207,200,136,87,45
19-09,Norway,1054,0.094966762,0.072208399,677,359,962,30,2,20,40,83,263,199,210,163,118
19-09,Sweden,2010,31.97636244,0.137702923,1179,761,1784,26,5,66,129,147,467,351,400,354,221
19-09,Poland,2570,18.54243542,0.176067917,1060,917,1870,14,1,17,668,149,656,543,343,166,120
19-09,Swiss,1923,15.35692861,0.131742648,1156,729,1795,20,7,11,90,122,504,358,324,338,239
19-09,Portugal,1000,12.48593926,0.068508917,465,420,840,11,0,5,144,37,230,259,180,106,73
19-09,Austria,1369,23.66757001,0.093788708,785,463,1186,7,3,7,166,68,386,250,209,206,129
19-09,Finland,1264,6.576728499,0.086595271,591,322,878,8,4,7,367,43,193,193,240,166,78
19-09,Belgium,1542,34.55497382,0.10564075,889,537,1300,15,9,20,198,97,461,271,253,235,109
19-09,Croatia,494,-6.79245283,0.033843405,220,73,277,5,2,3,207,5,65,96,74,39,14
19-09,Greece,1023,29.0037831,0.070084622,578,199,717,29,1,2,274,47,149,226,135,133,87
19-09,Bulgaria,633,8.205128205,0.043366145,277,136,370,3,19,5,236,19,93,114,106,68,13
19-09,Denmark,1244,19.0430622,0.085225093,764,408,1101,12,11,8,112,110,255,217,257,226,107
19-09,Ireland,1176,48.67256637,0.080566487,739,377,1007,5,4,3,157,31,323,298,210,158,96
19-09,Europe others,4421,25.41843972,0.302877923,2011,1305,3042,48,56,46,1229,178,1016,967,637,335,183
19-09,Austrailia,17269,12.79555846,1.18308049,8830,8103,15818,83,51,10,1307,2480,2243,2913,3062,2666,3569
19-09,New Zealand,4035,22.98079854,0.276433481,2083,1824,3393,26,9,1,606,547,645,736,567,694,718
19-09,Oceania others,526,-6.071428571,0.03603569,246,186,413,0,9,3,101,44,95,132,95,49,17
19-09,South Africa,1197,14.32664756,0.082005174,505,507,743,8,11,7,428,34,371,265,143,132,67
19-09,Africa others,5119,38.3139692,0.350697147,3065,1030,2249,1145,85,297,1343,173,1068,1305,885,528,136
19-09,Stateless,49,-20.96774194,0.003356937,31,14,33,3,0,5,8,2,7,12,10,7,7
19-09,Overseas Korean,16619,-14.94882293,1.138549694,6868,9751,0,0,0,0,16619,289,1322,1743,3211,5033,5021
19-10,China,567695,19.43754247,34.27706279,204531,348980,476460,3967,547,12722,73999,24779,174516,152825,69650,69340,62401
19-10,Japan,248541,-14.43429225,15.00674739,86539,159473,241484,1897,438,556,4166,21039,69133,39807,43944,38912,33177
19-10,Taiwan,127944,27.97983435,7.725177289,38540,88437,126421,81,10,135,1297,9945,29979,32220,22929,18315,13589
19-10,Hong Kong,65544,6.622419599,3.957505004,20105,44602,64439,63,4,76,962,3114,14214,12619,10989,14106,9665
19-10,Macao,4504,23.12739202,0.271948653,1170,3333,4484,2,0,8,10,154,1430,1139,581,670,529
19-10,Phillipines,55394,6.494155644,3.344654464,16190,22844,37353,195,220,55,17571,4612,9893,9583,6846,4924,3176
19-10,Indonesia,28494,14.29144439,1.720449585,8973,13273,20527,137,285,84,7461,2104,6648,5455,3663,2767,1609
19-10,Thailand,65878,9.904739661,3.977671711,18890,41170,58290,56,344,59,7129,7701,17641,16211,9230,5657,3620
19-10,Vietnam,64820,17.04586493,3.913790345,24190,35277,53659,1226,630,1604,7701,4460,16249,15804,9181,8616,5157
19-10,India,13160,3.760939841,0.794592424,6346,1634,4403,2692,85,84,5896,440,2019,2801,1646,752,322
19-10,Malaysia,45354,11.27631385,2.738445654,15410,27690,42624,160,13,49,2508,3914,12792,9694,6361,6126,4213
19-10,Singapore,24719,13.45756644,1.492517487,9256,14165,23070,199,8,37,1405,1996,5083,4862,4263,4011,3206
19-10,Mongolia,11221,4.585702302,0.677516838,5038,6129,9834,84,421,271,611,1254,1710,3539,2835,1378,451
19-10,Uzbekistan,8375,-1.039820395,0.50567717,5870,1902,3668,968,1,191,3547,380,2234,2785,1489,530,354
19-10,Myanmar,5876,-3.402926188,0.35478914,2237,736,1935,18,214,22,3687,94,1083,1004,478,220,94
19-10,*GCC,2429,1.546822742,0.146661474,1469,902,2237,25,18,55,94,237,661,671,403,264,135
19-10,Kazakhstan,4776,0.167785235,0.28837184,2016,2460,3348,10,10,30,1378,587,1211,1118,720,479,361
19-10,Turkey,2893,11.56961049,0.174677499,1222,568,1649,11,56,14,1163,73,456,632,421,133,75
19-10,Cambodia,3339,5.198487713,0.201606695,2257,1079,1471,64,161,12,1631,204,1606,955,248,178,145
19-10,Sri Lanka,1449,-16.81974742,0.087489698,1080,126,467,82,5,7,888,35,411,457,168,107,28
19-10,Bangladesh,1715,10.14771997,0.103550608,1121,144,337,179,197,46,956,41,372,470,252,100,30
19-10,Pakistan,1010,-17.21311475,0.060983157,834,109,382,258,17,64,289,51,238,337,199,87,31
19-10,Israel,2820,58.96279594,0.170269805,1534,1244,2729,12,5,3,71,204,445,389,412,438,890
19-10,Iran,501,4.158004158,0.030250061,340,136,334,87,21,10,49,24,82,194,105,50,21
19-10,Asia others,6841,7.276148659,0.413055226,4551,1804,3491,626,410,104,2210,393,2120,2018,1033,552,239
19-10,USA,101099,3.053933111,6.104293275,50361,44870,82230,421,2240,157,16051,6219,13894,16454,14595,19557,24512
19-10,Canada,20624,2.164759499,1.245263994,9371,9495,15841,37,33,26,4687,1059,3369,3594,2608,3705,4531
19-10,Brazil,2452,24.27774962,0.148050199,1097,929,1896,16,13,15,512,131,488,594,295,270,248
19-10,Mexico,2878,7.42814483,0.173771808,1330,1083,2355,5,9,24,485,120,602,707,386,322,276
19-10,America others,4669,15.0283321,0.281911248,1986,1632,3413,18,60,28,1150,156,923,1067,642,439,391
19-10,Russia,33379,18.56285298,2.015402776,13768,14581,25818,166,50,48,7297,3637,6779,7505,5090,3380,1958
19-10,UK,15911,15.18859046,0.960696053,9456,5634,14117,150,14,20,1610,793,3367,3277,2396,2828,2429
19-10,Germany,13322,5.437277404,0.804373881,8039,4216,11460,207,28,158,1469,1125,2338,2834,2273,2289,1396
19-10,France,12546,16.02700453,0.757519495,6885,4763,10681,232,38,201,1394,1319,2912,2488,2118,1533,1278
19-10,Italy,4951,0.344548034,0.298938229,2907,1121,3781,66,16,45,1043,135,736,1082,1013,695,367
19-10,Netherland,4043,8.770513855,0.244113767,2383,1155,3318,28,8,61,628,232,830,698,695,701,382
19-10,Ukraine,2371,-10.35916824,0.143159471,793,392,795,179,11,4,1382,84,320,390,218,135,38
19-10,Spain,3140,6.875425459,0.189591202,1823,1141,2777,35,10,49,269,152,634,846,674,404,254
19-10,Romania,1295,-0.461183705,0.078191276,445,245,655,5,15,1,619,28,158,267,142,79,16
19-10,Norway,1218,-7.517084282,0.073542065,825,364,1108,24,4,9,73,55,232,272,247,246,137
19-10,Sweden,2303,0.699606471,0.139053674,1336,902,2110,23,5,30,135,253,454,413,465,408,245
19-10,Poland,2326,8.742402992,0.1404424,989,643,1549,14,6,9,748,85,425,563,309,156,94
19-10,Swiss,2137,7.874810702,0.1290307,1285,803,1973,20,3,10,131,229,395,398,408,357,301
19-10,Portugal,1113,3.824626866,0.067202232,476,551,973,3,0,13,124,47,259,279,189,161,92
19-10,Austria,1461,13.25581395,0.08821425,889,446,1181,3,3,21,253,69,248,297,264,265,192
19-10,Finland,1473,10.66867017,0.088938802,624,485,1065,11,2,14,381,105,232,214,258,183,117
19-10,Belgium,1505,7.5768406,0.090870942,892,492,1281,17,3,23,181,69,346,304,243,223,199
19-10,Croatia,498,-28.34532374,0.030068923,233,57,273,2,2,0,221,5,60,91,69,45,20
19-10,Greece,1014,12.41685144,0.061224675,591,146,695,21,2,0,296,24,123,240,173,109,68
19-10,Bulgaria,655,12.15753425,0.039548483,244,163,394,2,3,1,255,14,70,84,98,77,64
19-10,Denmark,1802,21.51045179,0.108803613,1089,628,1559,12,5,39,187,213,393,257,343,337,174
19-10,Ireland,1394,50.21551724,0.084168833,901,427,1198,11,1,4,180,42,420,349,217,169,131
19-10,Europe others,4868,21.15480338,0.293926742,2193,1504,3434,73,32,28,1301,218,971,1006,788,432,282
19-10,Austrailia,16251,9.015898571,0.981225037,8068,7411,14247,90,37,13,1864,1575,2309,2859,2789,2582,3365
19-10,New Zealand,3728,15.31085679,0.225094267,1955,1626,3111,19,16,0,582,314,668,714,516,695,674
19-10,Oceania others,396,-22.04724409,0.023910228,160,108,234,0,26,0,136,14,56,78,53,46,21
19-10,South Africa,1175,12.33269598,0.070945752,569,397,771,9,16,0,379,28,307,255,174,128,74
19-10,Africa others,4927,10.61966771,0.297489124,2878,798,2162,1050,113,65,1537,148,882,1224,857,456,109
19-10,Stateless,40,-36.50793651,0.002415175,21,10,25,2,0,0,13,0,4,7,10,6,4
19-10,Overseas Korean,17939,-26.83334693,1.083145403,7381,10558,0,0,0,0,17939,229,1214,1666,3292,5467,6071
19-11,China,505369,25.01212103,34.69918547,183200,310161,426849,4020,545,12822,61133,14962,148112,144075,67501,62593,56118
19-11,Japan,258522,-13.81968011,17.75040184,88718,167326,251663,1876,187,813,3983,23199,75891,42231,45536,40711,28476
19-11,Taiwan,102241,15.9655192,7.019978317,30560,70670,100595,89,11,225,1321,6867,23690,26577,18511,14527,11058
19-11,Hong Kong,58600,8.942182562,4.023539767,17997,39860,57442,76,5,208,869,2501,12518,11278,10299,12493,8768
19-11,Macao,4896,21.12815438,0.336164688,1330,3566,4871,1,0,13,11,136,1457,1369,704,768,462
19-11,Phillipines,41739,-6.005945143,2.86584516,12686,15764,26966,172,203,59,14339,2470,8292,7594,4754,3310,2030
19-11,Indonesia,23760,-1.720714758,1.631387455,8548,11035,18189,142,407,109,4913,1737,5505,4939,3552,2528,1322
19-11,Thailand,49998,6.421744961,3.432917087,14185,30178,43160,46,404,94,6294,3333,13551,12452,7063,5044,2920
19-11,Vietnam,43190,6.45534988,2.965472399,16549,21552,31444,1334,632,3116,6664,4109,10903,10495,5786,4611,2197
19-11,India,12184,18.90309359,0.836566698,7083,1465,4149,3386,115,100,4434,358,2215,3108,1868,727,272
19-11,Malaysia,49282,7.814482608,3.383755748,18196,28885,46613,124,8,70,2467,8438,10922,10514,8045,5645,3517
19-11,Singapore,27546,6.023632655,1.891338335,11214,15007,25865,162,6,88,1425,5672,4139,4785,5586,3538,2501
19-11,Mongolia,10519,11.14750634,0.722245987,4820,5672,9020,73,425,408,593,1001,1773,3390,2554,1302,472
19-11,Uzbekistan,7176,0.476057127,0.492711969,5018,1576,3384,709,1,295,2787,363,1956,2418,1233,397,227
19-11,Myanmar,5660,6.671692424,0.388621759,2211,646,1752,15,180,39,3674,111,1048,943,459,213,83
19-11,*GCC,2575,29.65760322,0.176802302,1712,825,2404,25,12,65,69,237,801,755,382,261,101
19-11,Kazakhstan,3697,4.494064443,0.253840043,1552,1871,2541,8,5,37,1106,332,1005,879,559,362,286
19-11,Turkey,2881,33.50324374,0.197812595,1278,544,1664,15,56,32,1114,81,431,590,438,203,79
19-11,Cambodia,3555,44.2775974,0.244090168,2036,1519,2357,46,334,24,794,414,1162,1100,428,254,197
19-11,Sri Lanka,1070,2.392344498,0.073467364,764,107,308,73,1,6,682,22,280,355,120,66,28
19-11,Bangladesh,1286,1.25984252,0.088298159,898,114,270,163,112,66,675,66,319,359,169,75,24
19-11,Pakistan,1011,-0.39408867,0.06941636,819,117,361,224,23,79,324,39,243,358,185,90,21
19-11,Israel,1427,16.11065907,0.097979373,966,441,1369,7,2,3,46,29,161,267,321,209,420
19-11,Iran,402,75.54585153,0.027601757,272,107,279,49,4,26,44,61,80,122,54,48,14
19-11,Asia others,6576,11.6089613,0.451515316,4412,1720,3023,527,369,82,2575,364,2221,1965,945,470,167
19-11,USA,82238,5.601212183,5.64655057,43218,33919,65116,349,2519,402,13852,7004,12397,14887,13745,15136,13968
19-11,Canada,16862,10.89773101,1.157763269,8158,7626,13236,45,30,59,3492,801,2878,3051,2355,3138,3561
19-11,Brazil,1916,20.20075282,0.131554645,957,659,1504,16,12,13,371,106,420,476,302,162,150
19-11,Mexico,2408,12.20876048,0.1653359,1068,904,1835,5,7,84,477,96,571,594,310,237,164
19-11,America others,3282,11.70864534,0.225345691,1637,1188,2640,5,40,61,536,147,785,833,495,311,254
19-11,Russia,26708,14.23438837,1.833800343,11294,10636,19717,199,37,87,6668,2163,5314,5821,4170,2889,1573
19-11,UK,11542,14.65183272,0.79248628,7034,3748,9931,123,15,40,1433,412,2183,2293,1946,2143,1805
19-11,Germany,9819,3.816874604,0.674183225,6689,2246,7750,227,38,391,1413,374,1905,2079,1945,1876,756
19-11,France,8111,5.777256129,0.556910086,4828,2653,6369,225,55,490,972,630,2100,1685,1451,1082,533
19-11,Italy,4422,1.889400922,0.303619332,2872,994,3547,80,17,103,675,94,724,985,1104,690,269
19-11,Netherland,3188,2.607016415,0.218891549,1872,815,2339,26,9,184,630,142,720,499,525,582,219
19-11,Ukraine,2146,-9.604043808,0.147346695,678,311,712,91,3,11,1329,46,288,331,180,114,30
19-11,Spain,2610,5.241935484,0.17920544,1605,857,2211,26,14,121,238,91,627,702,569,331,142
19-11,Romania,1040,12.92073833,0.071407532,457,193,607,5,6,4,418,10,130,242,162,81,25
19-11,Norway,837,-23.28139322,0.057469331,576,233,656,27,2,29,123,20,164,163,199,167,96
19-11,Sweden,1600,3.492884864,0.109857741,995,553,1354,26,7,93,120,73,429,286,316,291,153
19-11,Poland,2019,5.541035024,0.138626737,935,489,1333,10,1,28,647,75,402,490,302,113,42
19-11,Swiss,1172,-1.677852349,0.080470795,787,342,1037,23,1,40,71,35,289,223,183,260,139
19-11,Portugal,976,16.74641148,0.067013222,477,419,853,5,0,15,103,47,204,233,192,141,79
19-11,Austria,1113,8.69140625,0.076419791,734,252,902,7,6,30,168,30,193,216,244,191,112
19-11,Finland,1206,10.23765996,0.082805272,573,293,801,8,1,48,348,19,193,181,203,181,89
19-11,Belgium,1205,19.66236346,0.082736611,776,323,941,24,3,76,161,49,317,210,220,212,91
19-11,Croatia,543,14.55696203,0.037282971,249,61,294,7,1,5,236,6,74,74,87,52,17
19-11,Greece,891,15.11627907,0.06117703,528,109,609,16,3,0,263,10,121,197,159,96,54
19-11,Bulgaria,471,1.072961373,0.032339373,201,96,275,4,5,3,184,26,73,73,64,42,19
19-11,Denmark,1120,23.21232123,0.076900419,727,320,907,11,11,59,132,63,314,150,224,195,101
19-11,Ireland,768,10.66282421,0.052731716,494,218,632,4,2,4,126,27,206,163,150,105,61
19-11,Europe others,4053,25.09259259,0.27828339,1953,1158,2799,50,27,58,1119,121,847,865,669,366,243
19-11,Austrailia,13346,13.96123303,0.916350883,6666,6141,11750,89,59,36,1412,1590,2478,2250,2236,2008,2245
19-11,New Zealand,3365,18.48591549,0.231044562,1744,1457,2765,23,8,5,564,418,738,590,480,495,480
19-11,Oceania others,285,-53.95799677,0.01956841,147,92,207,1,14,3,60,33,47,64,47,34,14
19-11,South Africa,698,-0.285714286,0.04792544,337,214,440,4,3,1,250,16,166,135,118,82,34
19-11,Africa others,4043,28.88109659,0.27759678,2456,732,1873,903,112,106,1049,178,830,972,671,407,130
19-11,Stateless,31,-56.94444444,0.002128494,19,9,23,2,0,0,6,1,6,4,6,8,3
19-11,Overseas Korean,15233,-25.532851,1.045914356,6299,8934,0,0,0,0,15233,286,1193,1593,2978,4458,4725
19-12,China,508877,22.24421602,34.92904053,179833,315451,433577,3951,682,13284,57383,16888,145040,155791,64790,56601,56174
19-12,Japan,255356,-1.224271916,17.52749697,89354,163795,248793,1738,166,769,3890,25870,75859,40795,45699,40105,24821
19-12,Taiwan,90379,3.517432538,6.203565408,28975,60622,88881,79,13,267,1139,7666,22938,25056,17000,10105,6832
19-12,Hong Kong,71751,20.49675881,4.924949619,26567,44454,70638,49,3,185,876,13151,15659,13034,13711,9852,5614
19-12,Macao,8342,22.26293419,0.572590343,2860,5481,8316,2,0,9,15,1967,1791,2070,1231,748,534
19-12,Phillipines,43281,1.479484174,2.970784302,14717,15378,28484,117,106,69,14505,5124,7024,7031,5705,3374,1837
19-12,Indonesia,29716,13.90241098,2.039690079,12334,12831,23216,126,216,117,6041,6299,5493,4864,4557,2561,1391
19-12,Thailand,55850,3.376152223,3.833513626,17538,33203,49231,53,224,119,6223,6044,14523,13405,8512,5058,3199
19-12,Vietnam,30721,2.938614127,2.108672733,11675,13905,18158,1136,295,4005,7127,3989,8399,6785,3316,2070,1021
19-12,India,10208,20.9478673,0.700671568,5616,1226,3697,2183,88,100,4140,299,1637,2393,1471,740,302
19-12,Malaysia,57764,3.77077158,3.964889545,23790,32014,55329,119,3,89,2224,16179,9050,9494,11490,6354,3237
19-12,Singapore,42216,4.327196343,2.897683281,18570,22452,40707,112,13,76,1308,12032,7147,5434,8774,5054,2581
19-12,Mongolia,10042,22.43355279,0.689277419,4492,5519,8531,65,299,535,612,1667,1540,2756,2285,1192,571
19-12,Uzbekistan,5461,-0.943225104,0.37484007,3725,1262,2341,532,7,252,2329,288,1461,1669,996,376,197
19-12,Myanmar,6900,25.6372906,0.473612247,2972,591,1964,8,40,70,4818,128,1496,1273,424,185,57
19-12,*GCC,2459,4.150783566,0.168784423,1369,1059,2293,34,17,43,72,516,605,639,366,217,85
19-12,Kazakhstan,3388,9.044093981,0.232550477,1352,1726,2415,8,2,57,906,459,844,683,558,314,220
19-12,Turkey,2505,31.28930818,0.171941838,1123,326,1322,13,37,26,1107,40,367,515,329,165,33
19-12,Cambodia,3822,41.87082405,0.262340001,2309,1463,1796,37,73,36,1880,442,1817,979,257,165,112
19-12,Sri Lanka,1313,21.57407407,0.090123606,1063,76,211,47,2,7,1046,14,482,451,143,33,16
19-12,Bangladesh,1597,31.33223684,0.109617211,1224,119,289,148,94,52,1014,45,478,483,209,100,28
19-12,Pakistan,1159,21.61594963,0.07955313,974,123,404,166,20,81,488,39,276,405,208,117,52
19-12,Israel,839,-4.767309875,0.057588504,604,232,788,9,2,5,35,44,108,162,196,137,189
19-12,Iran,253,18.22429907,0.017365782,155,78,114,69,5,20,45,7,37,89,44,35,21
19-12,Asia others,6468,6.627101879,0.443960002,4017,2034,3273,390,142,211,2452,740,2171,1739,783,413,205
19-12,USA,77387,8.960477592,5.311801594,40446,32327,58743,365,3436,355,14488,10421,15399,13676,11967,12336,8974
19-12,Canada,15292,8.584818576,1.049634564,7318,6977,11377,38,30,49,3798,1670,3255,2910,2182,2367,1911
19-12,Brazil,1933,36.70438472,0.132680069,858,809,1561,13,8,22,329,234,503,437,294,131,68
19-12,Mexico,2382,28.13340506,0.163499185,1007,943,1852,6,1,62,461,224,652,458,257,236,123
19-12,America others,2490,17.67485822,0.170912246,1111,1048,1969,9,28,49,435,247,644,627,326,206,109
19-12,Russia,26570,15.48157163,1.82375035,10830,10272,18951,172,22,107,7318,2625,4401,5775,4011,2773,1517
19-12,UK,8735,12.17413638,0.59956565,5162,2981,7356,103,16,47,1213,758,1713,1825,1563,1365,919
19-12,Germany,7304,10.09948749,0.501342588,4455,2031,5714,139,21,265,1165,532,1570,1503,1131,1303,447
19-12,France,6752,16.13347093,0.463453608,3874,2328,5202,203,34,426,887,580,1898,1359,1126,885,354
19-12,Italy,3084,18.47867845,0.211684083,1784,698,2299,52,9,39,685,155,479,615,642,408,183
19-12,Netherland,2459,6.45021645,0.168784423,1365,647,1802,23,8,100,526,210,564,328,380,376,154
19-12,Ukraine,2180,18.0292366,0.149634014,600,290,600,60,3,8,1509,56,277,234,172,108,43
19-12,Spain,1733,17.41192412,0.118952178,1011,582,1425,12,17,68,211,116,412,449,310,217,89
19-12,Romania,774,8.707865169,0.053126939,241,128,349,8,1,3,413,18,70,135,74,61,11
19-12,Norway,663,-11.00671141,0.045507959,434,213,557,22,1,30,53,61,174,116,126,114,56
19-12,Sweden,1290,6.965174129,0.088544898,789,454,1105,18,9,62,96,105,370,236,233,210,89
19-12,Poland,1407,8.900928793,0.096575715,548,322,789,12,0,21,585,67,244,270,184,66,39
19-12,Swiss,1014,22.02166065,0.069600409,656,316,896,14,4,18,82,110,284,180,151,175,72
19-12,Portugal,1003,6.929637527,0.068845375,421,510,901,2,0,13,87,120,212,215,201,112,71
19-12,Austria,781,25.3611557,0.053607415,457,213,611,2,2,26,140,33,205,165,123,108,36
19-12,Finland,1065,-1.388888889,0.073101021,445,296,697,7,0,28,333,66,231,162,127,114,41
19-12,Belgium,754,-1.566579634,0.05175415,474,198,570,11,3,29,141,44,185,147,140,120,36
19-12,Croatia,381,-16.44736842,0.026151633,159,29,181,3,1,1,195,6,34,58,45,29,16
19-12,Greece,754,15.46707504,0.05175415,434,81,476,18,0,1,259,12,91,157,122,82,51
19-12,Bulgaria,442,23.46368715,0.03033864,130,57,173,1,3,4,261,6,40,35,57,34,15
19-12,Denmark,782,16.36904762,0.053676055,478,241,583,11,5,25,158,66,190,109,155,151,48
19-12,Ireland,645,25.48638132,0.044272449,421,187,487,7,3,2,146,43,113,160,142,106,44
19-12,Europe others,2941,17.45207668,0.201868641,1168,822,1802,34,13,51,1041,147,599,540,354,227,123
19-12,Austrailia,19289,12.31512752,1.32398647,9626,9348,17818,67,25,42,1337,4767,4100,2985,3432,2413,1277
19-12,New Zealand,4355,27.4882904,0.298924832,2203,1894,3595,14,10,3,733,850,1004,750,575,581,337
19-12,Oceania others,252,-35.05154639,0.017297143,89,79,154,2,4,0,92,14,46,33,31,30,14
19-12,South Africa,922,8.089097304,0.063285579,422,396,665,3,0,3,251,60,305,200,88,119,46
19-12,Africa others,3078,13.74722838,0.211272246,1814,548,1273,644,66,93,1002,100,687,758,492,235,90
19-12,Stateless,47,-38.96103896,0.003226054,18,19,36,1,0,0,10,3,6,8,7,8,5
19-12,Overseas Korean,5281,-71.96623845,0.362484968,2145,3136,0,0,0,0,5281,88,370,554,1010,1589,1670
20-01,China,481681,22.62317535,37.8469374,179530,289862,393336,2813,99,10433,75000,43778,125168,147332,60428,47771,44915
20-01,Japan,203969,-1.238100772,16.0263784,71921,129621,194840,2804,141,1035,5149,14045,63536,35205,35559,32903,20294
20-01,Taiwan,110354,25.4678582,8.670802729,41404,68152,108623,95,20,285,1331,21543,21735,21010,24151,13315,7802
20-01,Hong Kong,66962,86.54446178,5.261379672,26637,39589,65837,51,8,171,895,11733,14075,10513,13418,10302,6185
20-01,Macao,5347,108.0544747,0.420127791,2038,3309,5312,4,0,14,17,1095,1242,1182,858,529,441
20-01,Phillipines,30702,0.751484921,2.41233653,10881,8348,15002,155,169,211,15165,1423,4597,6498,3627,2042,1042
20-01,Indonesia,19443,3.189682624,1.527687419,7728,8646,14336,98,46,231,4732,2430,4406,3971,3003,1811,753
20-01,Thailand,38466,-6.938597765,3.022374339,11949,21142,31232,44,110,126,6954,2957,8331,9914,5976,3527,2386
20-01,Vietnam,30232,49.78942675,2.375407399,11277,13072,18058,747,54,3122,8251,4366,7083,6261,3730,1955,954
20-01,India,9249,6.66589782,0.726718147,4807,928,2391,2094,56,166,4542,274,1309,2303,1244,458,147
20-01,Malaysia,27549,24.85384092,2.164597064,11058,14158,24541,101,1,139,2767,4022,6942,5627,3733,3177,1715
20-01,Singapore,10738,8.959918823,0.843712776,4454,4993,9157,80,7,54,1440,773,2202,2279,1820,1454,919
20-01,Mongolia,12323,25.93765968,0.968250376,5890,6408,10081,83,359,840,960,1487,2045,3962,2899,1373,532
20-01,Uzbekistan,6135,6.621480709,0.482043014,4095,1556,2025,474,7,625,3004,171,1733,2050,1058,413,226
20-01,Myanmar,5654,6.901115523,0.444249584,2675,300,1273,9,47,98,4227,20,1158,1264,397,121,15
20-01,*GCC,2158,21.50900901,0.16955971,1154,962,1812,51,5,111,179,426,583,534,299,176,98
20-01,Kazakhstan,4325,21.01287073,0.339826575,1875,2169,2815,21,5,130,1354,451,1208,986,699,418,282
20-01,Turkey,2208,23.69747899,0.173488341,786,298,952,20,8,33,1195,68,303,334,248,98,33
20-01,Cambodia,4257,57.95918367,0.334483636,2487,1604,2302,35,151,53,1716,411,1485,1360,389,251,195
20-01,Sri Lanka,1377,6.993006993,0.108194496,1076,76,119,26,2,27,1203,11,398,566,158,12,7
20-01,Bangladesh,1299,4.170008019,0.102065831,966,124,189,110,19,95,886,63,344,488,148,34,13
20-01,Pakistan,1014,-1.744186047,0.079672635,842,126,229,166,23,181,415,54,298,374,141,80,21
20-01,Israel,803,-0.248447205,0.063093813,564,223,723,13,2,5,60,59,109,154,194,111,160
20-01,Iran,176,-4.347826087,0.013828781,106,50,57,44,1,20,54,6,22,69,35,18,6
20-01,Asia others,4808,5.577514273,0.377777149,3237,1129,1566,352,80,290,2520,219,1702,1552,562,230,101
20-01,USA,67255,7.201491943,5.28440145,33394,27487,43866,495,3712,286,18896,6319,11594,12089,9910,11312,9657
20-01,Canada,13809,10.82664526,1.085009287,6308,6070,8793,52,33,41,4890,1175,2289,2745,2010,2280,1879
20-01,Brazil,1801,12.21183801,0.141509286,776,716,1310,15,13,35,428,210,453,396,245,121,67
20-01,Mexico,2113,14.03130059,0.166023943,905,706,1478,7,15,65,548,142,512,449,241,175,92
20-01,America others,2514,10.94439541,0.197531563,1062,1136,1890,11,45,116,452,215,706,681,302,199,95
20-01,Russia,28891,14.67412876,2.270041518,11816,12155,20746,192,42,139,7772,3211,4978,6418,4629,3010,1725
20-01,UK,9117,-10.15963737,0.716346562,5166,3279,6811,186,22,72,2026,710,1865,1906,1469,1467,1028
20-01,Germany,6617,-3.401459854,0.519915016,3985,1671,4648,239,34,205,1491,425,1162,1301,1071,1189,508
20-01,France,5982,7.319698601,0.470021403,3284,2061,3951,303,53,392,1283,472,1703,1160,974,722,314
20-01,Italy,2880,5.455876968,0.226289141,1681,714,2006,138,26,55,655,138,412,615,615,431,184
20-01,Netherland,2556,12.64874394,0.200831613,1269,530,1560,30,9,69,888,123,441,367,339,346,183
20-01,Ukraine,1955,-13.57206012,0.153609469,573,219,493,78,8,33,1343,30,260,253,135,78,36
20-01,Spain,1560,14.03508772,0.122573285,899,504,1121,42,26,65,306,100,357,395,335,138,78
20-01,Romania,856,-1.834862385,0.067258161,313,115,372,17,7,10,450,10,84,152,88,73,21
20-01,Norway,543,-32.20973783,0.042664932,379,147,437,29,6,23,48,23,115,116,84,119,69
20-01,Sweden,847,-13.74745418,0.066551008,536,281,696,33,5,12,101,62,182,199,155,136,83
20-01,Poland,1558,17.67371601,0.122416139,579,248,734,18,4,23,779,45,183,275,199,84,41
20-01,Swiss,762,2.008032129,0.059872335,467,257,614,25,4,20,99,48,216,136,107,134,83
20-01,Portugal,720,27.65957447,0.056572285,302,349,614,5,0,10,91,70,168,129,141,79,64
20-01,Austria,690,-11.08247423,0.054215107,403,151,457,13,3,15,202,29,117,149,96,104,59
20-01,Finland,885,3.02677532,0.069536767,339,171,465,11,1,20,388,35,123,89,120,102,41
20-01,Belgium,722,1.833568406,0.05672943,429,171,471,27,3,23,198,52,168,123,102,103,52
20-01,Croatia,467,-4.887983707,0.036693413,213,39,223,6,3,2,233,22,37,60,67,46,20
20-01,Greece,623,-19.61290323,0.048950741,405,47,379,37,8,0,199,11,60,130,124,71,56
20-01,Bulgaria,351,-18.56148492,0.027578989,111,52,132,4,2,13,200,4,47,25,39,31,17
20-01,Denmark,665,-11.45139814,0.052250791,430,156,484,19,18,15,129,39,132,109,131,122,53
20-01,Ireland,715,20.16806723,0.056179422,433,213,471,10,3,6,225,20,176,203,119,86,42
20-01,Europe others,3219,8.566610455,0.252925259,1272,905,1925,19,14,82,1179,198,548,578,405,290,158
20-01,Austrailia,14039,-1.722086104,1.10308099,6937,6651,12320,86,19,26,1588,2707,3496,2006,2318,1943,1118
20-01,New Zealand,3553,30.3853211,0.279168513,1642,1521,2638,10,15,7,883,572,698,611,524,470,288
20-01,Oceania others,163,-73.45276873,0.012807337,60,43,88,0,4,1,70,6,30,30,16,18,3
20-01,South Africa,1272,27.2,0.099944371,505,625,509,10,3,7,743,41,467,386,108,75,53
20-01,Africa others,2926,8.773234201,0.229903481,1496,510,944,492,68,209,1213,97,535,721,413,182,58
20-01,Stateless,61,12.96296296,0.00479293,35,10,43,0,0,1,17,2,5,12,10,10,6
20-01,Overseas Korean,8792,-43.37240757,0.690810461,3680,5112,0,0,0,0,8792,162,598,885,1640,2740,2767
20-02,China,104086,-77.04216561,15.19033525,52686,48043,49520,715,11,20753,33087,2582,33029,27649,17366,13778,6325
20-02,Japan,211199,-0.938555347,30.8224316,67646,141475,205007,1162,64,1536,3430,15024,85449,29946,29557,30572,18573
20-02,Taiwan,53042,-43.90592117,7.740961921,18859,33722,51881,52,11,393,705,9839,13044,10732,11187,5148,2631
20-02,Hong Kong,20966,-59.14016215,3.059782958,7812,12946,20369,24,2,284,287,1476,6086,4676,3231,3171,2118
20-02,Macao,503,-87.31719617,0.073407938,184,317,476,0,0,22,5,44,210,125,52,36,34
20-02,Phillipines,20332,-30.59329556,2.967256849,8351,5958,12730,69,89,177,7267,771,3503,4664,2892,1646,833
20-02,Indonesia,15800,-12.77946453,2.305855706,5554,8073,12155,47,80,374,3144,1166,2855,4526,3021,1426,633
20-02,Thailand,31777,-18.97756247,4.637542833,10436,16741,25382,32,200,185,5978,1460,7254,8932,4922,2811,1798
20-02,Vietnam,30313,-28.13589057,4.42388633,15353,11134,9197,626,49,9647,10794,991,13249,7540,2257,1786,664
20-02,India,5839,-29.72680226,0.85214503,3483,586,2061,972,19,284,2503,124,1085,1628,812,307,113
20-02,Malaysia,18541,-32.53893174,2.705877889,6671,9624,15459,68,8,430,2576,1969,5567,3909,2078,1846,926
20-02,Singapore,5909,-39.65482026,0.862360846,2297,2549,4592,49,3,132,1133,260,1349,1419,853,639,326
20-02,Mongolia,6399,-30.26373147,0.933871561,3098,3267,5210,42,264,427,456,690,975,2011,1467,817,405
20-02,Uzbekistan,6888,-3.65086026,1.005236336,4845,1566,2074,700,0,1141,2973,190,2149,2162,1194,452,264
20-02,Myanmar,4319,-19.52673747,0.630315873,2688,272,1271,7,19,186,2836,33,1156,1230,377,133,31
20-02,*GCC,789,-46.61705007,0.115146845,539,214,610,35,3,78,63,67,190,244,144,67,41
20-02,Kazakhstan,3204,-15.10333863,0.467592512,1437,1468,1773,13,2,171,1245,225,954,751,482,291,202
20-02,Turkey,1784,1.076487252,0.260357378,478,202,520,11,8,98,1147,13,223,198,160,69,17
20-02,Cambodia,2568,-30.87483176,0.374774522,1714,774,754,22,104,124,1564,89,1114,914,212,95,64
20-02,Sri Lanka,1088,-28.23218997,0.158782975,912,55,146,26,0,37,879,8,307,492,131,20,9
20-02,Bangladesh,996,-39.85507246,0.145356474,851,103,115,85,25,149,622,34,340,427,116,29,8
20-02,Pakistan,1037,-27.93606671,0.151340023,873,113,221,150,22,236,408,52,291,399,146,76,22
20-02,Israel,352,-53.74507227,0.051370963,250,102,329,4,1,8,10,5,68,63,59,54,103
20-02,Iran,160,-51.36778116,0.023350438,79,70,35,25,1,56,43,4,50,57,25,11,2
20-02,Asia others,4558,-11.49514563,0.665195589,3175,955,1409,446,63,316,2324,183,1529,1546,525,229,118
20-02,USA,42439,-26.48964179,6.193557614,20570,16333,26407,219,2200,848,12765,2775,7354,7713,5894,6807,6360
20-02,Canada,9046,-33.24477898,1.320175362,4119,3687,5834,16,22,109,3065,515,1673,1781,1171,1426,1240
20-02,Brazil,1188,-12.25997046,0.173376999,461,452,769,6,3,71,339,57,370,222,143,67,54
20-02,Mexico,1543,7.526132404,0.225185782,533,507,878,1,4,135,525,57,381,277,127,122,76
20-02,America others,2601,12.694974,0.37959055,1123,1103,1893,4,24,217,463,159,800,559,275,247,186
20-02,Russia,22157,10.77946103,3.233597777,9417,8592,15487,155,10,288,6217,1428,4588,5040,3314,2336,1303
20-02,UK,5566,-29.32960894,0.812303346,3207,1752,3936,68,15,123,1424,161,1288,1105,753,797,855
20-02,Germany,5599,-18.45324789,0.817119373,3085,1516,3725,133,19,491,1231,226,1416,982,746,843,388
20-02,France,5120,-12.17838765,0.747214001,2654,1956,3355,123,27,907,708,302,1951,846,638,595,278
20-02,Italy,1718,-27.93624161,0.250725323,871,351,1045,38,4,77,554,27,309,273,254,243,116
20-02,Netherland,2067,-12.30377599,0.301658465,919,404,1076,16,2,158,815,64,413,228,212,252,154
20-02,Ukraine,1618,-22.21153846,0.2361313,768,192,653,80,3,52,830,41,251,306,200,110,52
20-02,Spain,1068,-22.21412964,0.155864171,575,359,750,4,8,111,195,23,327,235,180,104,65
20-02,Romania,471,-38.91050584,0.06873785,191,68,228,5,1,18,219,1,52,104,52,44,6
20-02,Norway,441,-23.57019064,0.064359643,278,149,354,10,0,54,23,27,146,72,52,78,52
20-02,Sweden,650,-29.88133765,0.094861152,372,246,491,14,2,83,60,31,225,107,102,101,52
20-02,Poland,1206,-4.739336493,0.176003923,406,247,559,12,0,52,583,33,202,178,125,80,35
20-02,Swiss,566,-35.4618016,0.082602173,343,178,432,11,2,62,59,17,207,82,79,78,58
20-02,Portugal,299,-55.37313433,0.04363613,132,110,206,3,0,18,72,9,77,65,40,32,19
20-02,Austria,668,-10.45576408,0.097488077,377,187,497,4,2,39,126,11,192,118,93,74,76
20-02,Finland,780,-16.39871383,0.113833383,265,205,354,6,0,97,323,25,190,72,75,72,36
20-02,Belgium,547,-16.36085627,0.079829308,301,130,343,8,3,35,158,22,131,86,71,82,39
20-02,Croatia,286,-36.01789709,0.041738907,158,29,162,4,0,9,111,4,37,58,47,25,16
20-02,Greece,663,9.225700165,0.096758376,432,55,463,14,0,4,182,2,86,165,109,73,52
20-02,Bulgaria,218,-33.12883436,0.031814971,121,19,126,0,2,6,84,1,20,40,40,27,12
20-02,Denmark,640,-7.780979827,0.09340175,391,211,500,7,5,54,74,45,215,71,102,113,56
20-02,Ireland,465,-24.14355628,0.067862209,268,124,265,7,0,12,181,6,113,126,75,43,29
20-02,Europe others,2432,-9.050112191,0.35492665,952,694,1372,26,12,161,861,106,497,440,279,180,144
20-02,Austrailia,6857,-17.69295403,1.000712188,3622,2853,5689,44,15,82,1027,469,2280,1253,997,878,598
20-02,New Zealand,1912,2.630166398,0.279037728,932,663,1288,5,4,5,610,110,453,349,235,273,175
20-02,Oceania others,123,-71.26168224,0.017950649,64,32,76,4,3,5,35,4,21,28,15,14,14
20-02,South Africa,1004,-15.70109152,0.146523995,374,513,328,7,1,6,662,13,403,282,85,59,45
20-02,Africa others,3156,-9.20598389,0.46058738,1796,515,1113,519,58,431,1035,49,595,665,494,342,166
20-02,Stateless,40,2.564102564,0.005837609,25,9,26,2,0,1,11,0,4,11,3,6,10
20-02,Overseas Korean,7609,-47.37533716,1.110459245,3296,4313,0,0,0,0,7609,151,678,781,1330,2328,2341
20-03,China,16595,-96.5967561,19.87496557,7734,8300,5040,115,2,7388,4050,440,7903,3713,1909,1399,670
20-03,Japan,8347,-97.77483945,9.996766351,3079,4943,6478,282,16,868,703,578,3843,1169,1035,949,448
20-03,Taiwan,585,-99.40615166,0.700623975,152,325,274,6,1,125,179,14,232,128,60,31,12
20-03,Hong Kong,262,-99.43127551,0.313783729,86,159,173,4,0,51,34,10,111,65,37,19,3
20-03,Macao,16,-99.47523778,0.019162365,5,11,11,1,0,4,0,2,9,3,1,1,0
20-03,Phillipines,4539,-88.27162089,5.436123454,2325,372,2048,13,33,67,2378,58,671,1028,583,280,77
20-03,Indonesia,3760,-85.32740186,4.503155802,1924,463,1030,6,7,373,2344,63,1069,770,362,102,21
20-03,Thailand,2371,-95.53483992,2.83962298,656,1059,1059,21,11,124,1156,76,714,650,203,51,21
20-03,Vietnam,4048,-91.38558447,4.848078374,2098,1837,941,15,5,2200,887,426,2130,703,291,307,78
20-03,India,1587,-85.09299267,1.90066709,842,101,555,42,5,92,893,23,297,370,184,57,12
20-03,Malaysia,890,-97.81803918,1.06590656,237,220,289,4,1,102,494,17,244,115,36,34,11
20-03,Singapore,219,-99.00927392,0.262284873,95,108,159,5,6,13,36,15,74,47,35,23,9
20-03,Mongolia,674,-92.27418615,0.807214631,236,435,191,5,9,357,112,99,315,154,65,26,12
20-03,Uzbekistan,782,-90.69601428,0.936560595,574,190,89,19,0,260,414,43,295,239,123,43,21
20-03,Myanmar,2519,-64.12191995,3.016874858,1701,91,741,0,0,109,1669,4,733,749,248,56,2
20-03,*GCC,77,-97.45117511,0.092218882,38,14,26,5,1,19,26,0,19,22,8,2,1
20-03,Kazakhstan,567,-88.46388606,0.679066314,213,256,144,4,1,95,323,37,186,114,83,30,19
20-03,Turkey,242,-90.44233807,0.289830772,114,39,114,2,0,21,105,7,63,43,21,14,5
20-03,Cambodia,1183,-52.69892043,1.416817371,886,297,45,10,6,35,1087,6,795,333,28,12,9
20-03,Sri Lanka,441,-70.48192771,0.528162689,402,16,20,1,0,19,401,0,145,224,44,2,3
20-03,Bangladesh,566,-66.78403756,0.677868666,494,38,77,8,1,133,347,11,274,209,26,9,3
20-03,Pakistan,474,-63.02652106,0.567685067,389,54,70,44,5,138,217,24,157,169,59,24,10
20-03,Israel,68,-95.78425294,0.081440052,36,32,61,2,0,3,2,0,58,3,1,2,4
20-03,Iran,34,-91.09947644,0.040720026,13,18,9,1,1,12,11,1,12,12,2,3,1
20-03,Asia others,1561,-76.7673761,1.869528247,1197,287,75,79,14,500,893,80,817,449,96,32,10
20-03,USA,10570,-87.45772768,12.65913745,4178,3360,3995,47,598,79,5851,874,1559,1529,1085,1271,1220
20-03,Canada,2405,-87.11837172,2.880343006,947,892,1022,3,9,21,1350,169,438,398,249,325,260
20-03,Brazil,291,-82.60609683,0.348515516,65,96,107,3,4,18,159,11,77,43,17,9,4
20-03,Mexico,388,-82.37164925,0.464687354,96,91,150,1,2,26,209,6,76,50,25,20,10
20-03,America others,456,-85.78553616,0.546127406,169,162,239,3,8,46,160,20,130,111,37,16,17
20-03,Russia,5300,-81.06601886,6.347533444,1576,1346,2189,42,4,115,2950,267,682,869,536,376,192
20-03,UK,1173,-90.84523531,1.404840892,514,336,550,26,9,44,544,48,296,170,105,96,135
20-03,Germany,1195,-89.27481601,1.431189145,494,409,611,41,8,121,414,72,394,191,93,97,56
20-03,France,1217,-83.70598474,1.457537397,537,475,528,62,19,184,424,153,461,199,98,59,42
20-03,Italy,248,-93.0784259,0.297016659,76,61,73,13,2,18,142,15,46,21,24,18,13
20-03,Netherland,597,-79.39958592,0.714995748,149,79,156,5,0,29,407,15,97,40,32,26,18
20-03,Ukraine,630,-73.39527027,0.754518126,281,72,214,30,2,7,377,11,126,100,65,37,14
20-03,Spain,255,-87.29446936,0.305400194,101,91,127,6,5,26,91,7,105,42,21,8,9
20-03,Romania,173,-83.42911877,0.207193073,84,19,86,3,2,6,76,2,26,41,18,12,4
20-03,Norway,97,-88.69463869,0.116171839,41,45,53,4,1,19,20,7,39,17,5,10,8
20-03,Sweden,188,-87.10562414,0.22515779,89,88,115,4,1,38,30,10,99,33,10,20,5
20-03,Poland,322,-83.57142857,0.385642598,132,39,134,12,0,12,164,3,60,58,25,21,4
20-03,Swiss,105,-91.42156863,0.125753021,35,52,60,4,0,14,27,6,50,12,4,7,8
20-03,Portugal,61,-92.59708738,0.073056517,20,15,23,1,0,1,36,2,12,8,8,3,2
20-03,Austria,96,-89.46212953,0.114974191,26,25,35,3,0,5,53,2,20,14,1,10,4
20-03,Finland,144,-86.69131238,0.172461286,20,34,30,0,1,14,99,5,28,16,2,1,2
20-03,Belgium,164,-88.28571429,0.196414242,58,37,62,6,2,8,86,9,42,16,10,13,5
20-03,Croatia,84,-82.82208589,0.100602417,65,4,65,2,0,2,15,0,15,23,13,14,4
20-03,Greece,199,-75.21793275,0.238331916,128,20,129,4,2,5,59,5,28,52,25,19,19
20-03,Bulgaria,80,-82.41758242,0.095811826,38,10,40,0,0,8,32,0,21,9,10,6,2
20-03,Denmark,114,-88.61138861,0.136531851,51,56,91,0,2,10,11,7,73,9,6,6,6
20-03,Ireland,106,-85.35911602,0.126950669,54,22,29,5,0,1,71,2,25,32,7,6,4
20-03,Europe others,538,-83.6969697,0.644334527,189,168,257,1,3,63,214,15,149,78,35,45,35
20-03,Austrailia,760,-93.80249531,0.910212343,341,302,363,15,3,12,367,49,134,159,126,100,75
20-03,New Zealand,275,-88.78008976,0.32935315,120,81,90,3,4,4,174,13,43,52,31,45,17
20-03,Oceania others,50,-88.37209302,0.059882391,14,6,16,0,2,0,32,3,2,6,5,3,1
20-03,South Africa,237,-74.92063492,0.283842533,72,116,29,0,0,0,208,1,96,59,13,11,8
20-03,Africa others,946,-75.09215377,1.132974837,416,113,103,134,6,145,558,24,152,201,106,40,6
20-03,Stateless,11,-80.70175439,0.013174126,7,1,7,0,0,0,4,0,0,1,2,2,3
20-03,Overseas Korean,1615,-91.59947984,1.934201229,775,840,0,0,0,0,1615,36,162,122,265,477,553
20-04,China,3935,-99.20223011,13.37752847,2238,1621,522,71,0,1112,2230,73,1165,978,761,650,232
20-04,Japan,360,-99.87590144,1.223865375,165,155,58,53,2,49,198,60,87,49,71,30,23
20-04,Taiwan,155,-99.8629192,0.526942036,52,53,48,8,0,12,87,6,38,33,14,10,4
20-04,Hong Kong,35,-99.9540103,0.118986911,18,14,17,2,0,8,8,1,19,6,2,3,1
20-04,Macao,1,-99.97679814,0.003399626,1,0,1,0,0,0,0,0,1,0,0,0,0
20-04,Phillipines,1130,-98.30139045,3.841577426,492,36,438,1,5,6,680,8,154,188,131,41,6
20-04,Indonesia,1864,-94.06879435,6.336902941,948,102,572,2,5,83,1202,12,434,388,173,29,14
20-04,Thailand,299,-99.57117861,1.016488186,111,136,107,1,7,5,179,3,101,95,39,6,3
20-04,Vietnam,6597,-89.5565863,22.42733299,3138,3394,420,5,7,5334,831,909,4769,545,139,122,48
20-04,India,210,-98.37624681,0.713921469,70,15,46,7,4,2,151,7,10,39,18,9,2
20-04,Malaysia,152,-99.65238073,0.516743158,55,54,29,1,0,61,61,7,73,16,10,3,0
20-04,Singapore,48,-99.79405329,0.16318205,22,12,17,5,3,3,20,1,7,10,6,5,5
20-04,Mongolia,616,-91.87549459,2.094169641,257,359,60,2,5,359,190,87,336,156,30,6,1
20-04,Uzbekistan,7,-99.90512334,0.023797382,3,4,1,0,0,1,5,2,3,1,0,0,1
20-04,Myanmar,763,-89.50770077,2.593914669,443,27,41,1,0,33,688,3,225,198,40,4,0
20-04,*GCC,25,-99.23430322,0.084990651,8,8,0,5,0,0,20,7,0,6,2,1,0
20-04,Kazakhstan,15,-99.67518406,0.050994391,5,8,4,0,0,4,7,2,7,0,2,0,2
20-04,Turkey,26,-99.07997169,0.088390277,5,3,2,1,0,0,23,2,1,2,3,0,0
20-04,Cambodia,547,-89.72769953,1.859595445,435,112,17,4,0,3,523,3,344,177,17,5,1
20-04,Sri Lanka,183,-87.61840325,0.622131566,174,3,29,0,0,2,152,1,56,95,22,3,0
20-04,Bangladesh,11,-99.16540212,0.037395886,2,0,2,0,0,0,9,0,0,0,1,1,0
20-04,Pakistan,67,-94.49917898,0.227774945,49,4,6,4,0,11,46,3,14,25,10,1,0
20-04,Israel,21,-99.05447996,0.071392147,4,6,1,2,2,0,16,3,2,3,0,1,1
20-04,Iran,13,-95.63758389,0.044195139,8,4,0,2,0,6,5,0,0,11,1,0,0
20-04,Asia others,36,-99.46761313,0.122386537,18,5,2,5,0,7,22,3,11,6,1,2,0
20-04,USA,6417,-93.74097772,21.81540031,1581,1475,1793,32,227,7,4358,486,614,517,393,486,560
20-04,Canada,422,-98.02443706,1.434642189,185,161,135,3,0,0,284,18,120,67,42,48,51
20-04,Brazil,52,-97.64918626,0.176780554,11,15,8,2,0,3,39,4,7,9,5,1,0
20-04,Mexico,55,-98.33232262,0.186979432,17,12,12,0,3,1,39,4,8,9,3,3,2
20-04,America others,83,-98.12302126,0.282168961,10,9,11,1,1,2,68,1,9,6,1,0,2
20-04,Russia,1223,-96.42449934,4.157742648,136,24,128,4,1,5,1085,7,28,43,34,34,14
20-04,UK,298,-98.21631651,1.01308856,115,70,136,5,0,0,157,26,48,43,30,28,10
20-04,Germany,1033,-91.9754525,3.5118137,43,23,30,9,2,4,988,8,16,15,11,12,4
20-04,France,280,-97.58953168,0.951895292,100,33,100,8,3,7,162,8,46,44,24,9,2
20-04,Italy,55,-98.74457886,0.186979432,13,8,11,5,1,2,36,1,5,7,5,2,1
20-04,Netherland,385,-90.58449499,1.308856026,19,4,9,3,2,1,370,0,3,8,2,6,4
20-04,Ukraine,116,-95.49339549,0.394356621,61,6,60,0,4,0,52,3,20,20,12,11,1
20-04,Spain,31,-98.84241972,0.105388407,11,8,11,1,0,1,18,2,4,4,5,2,2
20-04,Romania,82,-93.80196523,0.278769335,39,1,40,0,0,0,42,0,8,10,7,14,1
20-04,Norway,35,-97.64942915,0.118986911,21,6,6,5,0,0,24,5,6,10,4,1,1
20-04,Sweden,35,-98.40036563,0.118986911,7,15,7,3,2,0,23,5,5,5,3,1,3
20-04,Poland,83,-96.39287266,0.282168961,15,5,14,1,0,1,67,0,7,4,7,1,1
20-04,Swiss,33,-98.52415027,0.112187659,7,17,18,1,0,2,12,4,10,2,1,5,2
20-04,Portugal,26,-97.81879195,0.088390277,10,3,1,1,0,0,24,0,3,4,4,2,0
20-04,Austria,68,-94.03508772,0.231174571,2,0,1,0,0,1,66,0,1,1,0,0,0
20-04,Finland,35,-97.25490196,0.118986911,5,1,5,1,0,0,29,0,2,3,0,1,0
20-04,Belgium,57,-96.17449664,0.193778684,10,4,7,3,0,0,47,1,6,3,2,1,1
20-04,Croatia,22,-96.19377163,0.074791773,13,1,14,0,0,0,8,0,4,6,4,0,0
20-04,Greece,76,-90.47619048,0.258371579,43,2,30,6,0,0,40,0,8,17,11,3,6
20-04,Bulgaria,43,-94.20485175,0.14618392,24,0,24,0,0,0,19,0,4,4,9,5,2
20-04,Denmark,27,-98.05335256,0.091789903,8,4,5,1,0,0,21,0,3,5,2,2,0
20-04,Ireland,22,-97.76876268,0.074791773,10,1,5,0,1,0,16,1,6,2,2,0,0
20-04,Europe others,70,-98.38449111,0.237973823,12,9,14,1,0,1,54,0,13,3,2,3,0
20-04,Austrailia,124,-99.37807202,0.421553629,44,41,28,0,4,0,92,8,19,14,20,18,6
20-04,New Zealand,98,-97.42240926,0.333163352,42,22,19,0,5,0,74,2,15,9,12,13,13
20-04,Oceania others,13,-97.23991507,0.044195139,0,0,0,0,0,0,13,0,0,0,0,0,0
20-04,South Africa,22,-98.10181191,0.074791773,3,2,2,0,0,0,20,0,1,4,0,0,0
20-04,Africa others,177,-95.41213064,0.601733809,30,6,11,5,0,11,150,3,9,16,6,2,0
20-04,Stateless,3,-95.3125,0.010198878,0,0,0,0,0,0,3,0,0,0,0,0,0
20-04,Overseas Korean,698,-96.54010112,2.372938977,287,411,0,0,0,0,698,13,73,72,102,176,262
