"","V1","V2"
"1",127.378694204394,36.3497250577661
"2",127.37866831308,36.3495133310599
"3",127.378591634125,36.3493097403493
"4",127.37846711426,36.3491221096044
"5",127.378299538712,36.3489576495091
"6",127.378095347316,36.3488226803375
"7",127.377862387032,36.3487223890438
"8",127.377609610395,36.3486606299058
"9",127.377346731468,36.3486397763858
"10",127.377083852541,36.3486606299058
"11",127.376831075904,36.3487223890438
"12",127.37659811562,36.3488226803375
"13",127.376393924224,36.3489576495091
"14",127.376226348676,36.3491221096044
"15",127.376101828811,36.3493097403493
"16",127.376025149856,36.3495133310599
"17",127.375999258542,36.3497250577661
"18",127.376025149856,36.3499367838965
"19",127.376101828811,36.3501403729675
"20",127.376226348676,36.3503280012584
"21",127.376393924224,36.3504924584591
"22",127.37659811562,36.3506274247361
"23",127.376831075904,36.3507277135759
"24",127.377083852541,36.3507894710742
"25",127.377346731468,36.3508103240184
"26",127.377609610395,36.3507894710742
"27",127.377862387032,36.3507277135759
"28",127.378095347316,36.3506274247361
"29",127.378299538712,36.3504924584591
"30",127.37846711426,36.3503280012584
"31",127.378591634125,36.3501403729675
"32",127.37866831308,36.3499367838965
"33",127.378694204394,36.3497250577661
