year,class_1,class_2,case_num,less_500,over_500,over_1000,over_1500,over_2000,over_3000,over_max,avg_ex
2014,전체,소계,12024,15.3,24.7,21.1,13.3,11.7,12.1,1.8,1605.5
2014,월별,1월,717,15.9,30.5,19.1,13,6.5,12.3,2.8,1575.5
2014,월별,2월,771,20.3,27.8,18.3,12.7,8.7,9.8,2.5,1475.1
2014,월별,3월,968,16.8,26.9,19.4,12.6,11.5,11.5,1.3,1600
2014,월별,4월,1060,16.7,21.3,23.1,11.5,13.8,11.8,1.8,1631
2014,월별,5월,1042,18.8,25.7,23.2,10,9.4,10,2.8,1440
2014,월별,6월,1022,13.6,24.6,22.1,13.1,9.2,16.2,1.3,1756
2014,월별,7월,1124,13,24.5,20.6,18.5,11.9,9.9,1.6,1590.5
2014,월별,8월,1213,12.5,24.6,25.7,15.9,11.9,8.2,1.2,1465.4
2014,월별,9월,1051,15.6,20.9,18.6,14.7,14,14.5,1.7,1748.1
2014,월별,10월,1133,15.8,23.4,19,14.3,13.6,11.6,2.4,1567.9
2014,월별,11월,972,15.8,24.5,19.9,9.5,13.6,15.3,1.3,1723
2014,월별,12월,951,11.2,24.6,22.8,11.9,13.5,14.6,1.4,1689.7
2014,거주국,일본,2180,27.2,42.8,15.6,4.7,4.1,3.6,2,999.1
2014,거주국,중국,5379,3.4,15.5,24.6,18.9,16.9,19.1,1.7,2094.5
2014,거주국,홍콩,536,8.7,33.4,27.7,14.2,11.4,4.4,0.3,1338.2
2014,거주국,싱가포르,181,13,20.2,16.9,13.7,19.4,15.6,1.1,1819.5
2014,거주국,대만,619,12.1,32.7,30.3,13.3,7,4,0.6,1249.2
2014,거주국,태국,399,15.7,29.3,26.8,13.9,8.7,5,0.7,1251.9
2014,거주국,말레이시아,221,15.4,21.9,26.1,13.6,13.5,8.4,1,1462
2014,거주국,호주,125,33.1,31.3,15,6.9,6.5,6.2,0.9,1066.9
2014,거주국,미국,696,32.6,27.7,13.8,9.3,7.7,7,1.9,1185
2014,거주국,캐나다,130,37.3,24.4,14.2,9,7.1,7.7,0.2,1123.2
2014,거주국,영국,110,34.8,29.3,16.2,9,5.2,5.2,0.3,1019
2014,거주국,독일,86,32,28.2,19.2,8.9,5.2,5.2,1.1,1044.7
2014,거주국,프랑스,71,30,23.8,18.1,9.2,10.3,7.4,1.1,1228
2014,거주국,러시아,158,34.1,22.7,11.1,6.8,9.5,14.1,1.7,1510.3
2014,거주국,중동전체,137,12.3,8,5.9,3.5,13.7,34.4,22.2,3056
2014,거주국,인도,66,33.3,25.9,13.7,12,5.9,8.6,0.5,1250.5
2014,거주국,기타,930,35.9,23.6,14.5,8,8,7.8,2.2,1211.4
2014,성별,남성,5368,20.6,24.6,20.1,11.9,10,10.9,1.9,1488
2014,성별,여성,6656,11.1,24.8,22,14.4,13,13,1.7,1700
2014,연령,15~20세,702,11.8,29.3,22.3,16.3,9.8,9.8,0.7,1526.9
2014,연령,21~30세,4560,11.9,23.7,23.3,14.7,12.3,12.6,1.5,1674.4
2014,연령,31~40세,3282,14.8,22.4,19.9,13.5,12.4,14.9,2.1,1750.8
2014,연령,41~50세,1813,20.4,25.5,19.4,10.8,10.4,10.4,3.2,1461.4
2014,연령,51~60세,1203,19.1,29.2,19.8,10.9,12.4,7.2,1.4,1343.4
2014,연령,61세 이상,424,29.6,29.1,16.5,8.1,7.5,8.8,0.5,1249
2014,연령,모름/무응답,40,16.4,26.9,23.8,18.6,1.2,13.1,-1,1424
2014,방한목적,여가/위락/휴식,6982,8.6,24.3,25.5,16.1,13.4,11.1,1.1,1643.3
2014,방한목적,친구/친지방문,785,32.2,29.6,18,7.9,6.6,5.2,0.4,1097.6
2014,방한목적,사업/전문 활동,2387,34.4,26.3,13.3,7.8,7.2,8.3,2.8,1204.1
2014,방한목적,교육,429,13.2,19,10.6,10.8,14.9,25.9,5.5,2226.3
2014,방한목적,종교 순례,111,20.5,37.2,12.2,5.4,4.2,17.3,3.2,1702.7
2014,방한목적,기타,6,44.6,44.8,3.6,3.8,-1,3.3,-1,697.6
2014,방한목적,뷰티/건강/치료,122,9.4,11.3,14.5,8.3,11.5,29,16,2813.6
2014,방한목적,쇼핑,1201,6.7,22.7,19.1,13.6,13.2,22.8,2,2189.5
2014,여행형태,개별여행,8285,20,25.1,16.9,11.9,10.4,13.2,2.4,1592.2
2014,여행형태,단체여행,2998,4.6,20.3,31.6,17.3,15.5,10,0.6,1675.1
2014,여행형태,Air-tel Tour,741,6.3,37.6,26,12.7,9.7,7.7,0.1,1470.6
2014,방한횟수,1회,7832,12.1,22.3,23.7,15,12.9,12.5,1.5,1680.4
2014,방한횟수,2회,1551,15.7,26.8,18.5,14.4,10.9,12.5,1.3,1607.8
2014,방한횟수,3회,794,20.1,31.1,17.4,9.5,7.8,12.3,1.9,1488.6
2014,방한횟수,4회 이상,1848,26.8,30.3,14,6.6,8.9,9.7,3.7,1329.8
2014,직업,공무원 군인,636,16.1,23,23,13.8,12,10.9,1.1,1583.7
2014,직업,기업인 경영직,1309,25.7,23,18.6,11.1,9.1,11,1.4,1415.6
2014,직업,사무기술직,2546,14.1,26.6,22,13.8,12.2,9.9,1.3,1533.1
2014,직업,판매 서비스직,1484,12.5,27.2,24.6,13.1,9.9,12.2,0.6,1577.9
2014,직업,전문직,1207,20.7,22.5,19.6,11,12.1,12.5,1.6,1579.3
2014,직업,생산/기능/노무,524,18.5,23.5,19.5,16,10.9,9.1,2.6,1510.8
2014,직업,자영업자,949,10.8,14,14.7,13.2,16.5,23.8,7,2334.6
2014,직업,학생,1884,11.7,27.6,23.1,15.1,10.1,11,1.4,1558.3
2014,직업,주부,456,11.2,30.4,22.5,12,13,9,1.9,1468.2
2014,직업,은퇴자,199,17.4,33.6,15.9,13.8,10,9.3,-1,1375.3
2014,직업,무직,181,16.1,27.7,16.5,10,12.5,16.2,1,1858.6
2014,직업,기타,629,11.7,20.4,23.6,14.3,14.7,13,2.3,1714.4
2014,직업,무응답,19,8.5,37.9,11.9,-1,40.6,1.1,-1,1608.4
2015,전체,소계,12882,16.8,23.4,18.9,11.7,12.4,14.8,2.1,1712.5
2015,월별,1월,922,15.1,24.1,18.8,13.1,14.9,13.2,0.8,1682.8
2015,월별,2월,1061,16.6,20.7,20.8,13.8,15.9,11.2,1,1582.5
2015,월별,3월,1238,15.4,25.3,18,11.7,10.8,16.3,2.5,1733.4
2015,월별,4월,1363,14.6,23.3,20.9,13.3,11.9,13.9,2.1,1719.4
2015,월별,5월,1314,12.7,20.5,20.1,12,13.2,19.2,2.2,1969
2015,월별,6월,676,20.5,23.7,16.4,8.9,10.5,17.2,2.8,1761.3
2015,월별,7월,584,21.1,21.6,16.9,9.7,11.4,17.3,2,1771
2015,월별,8월,1001,19.6,22.8,20.8,10,13.2,11.4,2.1,1525.6
2015,월별,9월,1153,16.3,24.4,17.4,11.8,12.3,15.7,2.1,1739.2
2015,월별,10월,1333,17.1,23.7,19.8,11.8,12,13.8,1.8,1714.4
2015,월별,11월,1128,19.5,25.4,15.9,9.4,11.6,15.6,2.5,1668.1
2015,월별,12월,1109,17.6,24.1,18.2,13,11,13.5,2.8,1650.7
2015,거주국,일본,2007,35.1,41.6,13.2,4,3.5,2.2,0.3,826.9
2015,거주국,중국,6092,4.5,13.9,21.2,15.7,18.3,24.1,2.4,2319
2015,거주국,홍콩,574,13.2,25.7,25.9,15.3,10.2,6.5,3.2,1363.2
2015,거주국,싱가포르,164,15.1,27.9,20.8,13.6,11.2,10.8,0.6,1522.2
2015,거주국,대만,568,13.5,32.9,25.2,12.7,7.2,6.2,2.2,1313.6
2015,거주국,태국,359,23.4,39.6,20.4,7,3.5,4.6,1.6,1056.3
2015,거주국,말레이시아,230,26.1,31.7,17.6,10.1,7,4.6,2.8,1104.5
2015,거주국,호주,138,35,28.7,12.4,9.8,6.6,6.8,0.7,1177
2015,거주국,미국,799,34.9,26.3,13.2,7.1,9.3,7.1,2.1,1206.5
2015,거주국,캐나다,151,40.9,25.5,12.1,6.7,7.3,6.3,1.3,1034
2015,거주국,영국,120,28.8,27.2,18.2,10.4,7.6,5.9,1.9,1130.6
2015,거주국,독일,100,29,28.7,16.1,8.1,8.3,9.4,0.4,1241.8
2015,거주국,프랑스,85,19.7,32.5,18.1,9.7,9.3,10.1,0.5,1468.3
2015,거주국,러시아,154,33.7,22.6,12.9,7,7.4,12.6,3.7,1384.9
2015,거주국,중동전체,171,13.8,18.6,11.7,7.2,13.1,25.5,10.2,2245.5
2015,거주국,인도,74,25.8,26.4,15.4,11,8.1,11.1,2.3,1500
2015,거주국,기타,1098,27.3,24.5,17.3,9.6,10,9.6,1.9,1404.9
2015,성별,남성,5747,21.7,23.4,17.3,10.5,11.9,13.3,2,1589.5
2015,성별,여성,7135,12.8,23.3,20.2,12.7,12.8,16,2.1,1811.8
2015,연령,15~20세,666,17.9,29.9,19.4,8.7,10.7,11.9,1.4,1561.1
2015,연령,21~30세,5076,12.9,21.5,19.8,12.4,12.6,18.3,2.5,1903.8
2015,연령,31~40세,3487,16.3,21.2,19.8,12.4,12.4,15.7,2.3,1789.5
2015,연령,41~50세,1972,20.4,25.4,16.4,10.8,13.8,11.2,2,1501.1
2015,연령,51~60세,1158,25.1,29.8,15.3,11.7,11.3,6.3,0.6,1251.1
2015,연령,61세 이상,491,24.1,25.6,20.2,8.7,10.4,10.2,0.8,1373.3
2015,연령,모름/무응답,31,16.8,28.5,19.3,16.5,0.9,18.1,-1,1545
2015,방한목적,여가/위락/휴식,7293,10.7,24.3,22.5,13.7,13.7,13.9,1.3,1722.4
2015,방한목적,친구/친지방문,1177,36,24.7,13.7,7.7,9.5,7.3,1,1164.7
2015,방한목적,사업/전문 활동,2413,32.9,25.6,13.5,8.1,8.9,8.8,2.3,1288.1
2015,방한목적,교육,470,12.6,13,13.6,10.2,16.5,30.4,3.8,2543.4
2015,방한목적,종교 순례,89,42.4,22.3,3.9,0.7,20.2,8.6,1.8,1428.9
2015,방한목적,기타,5,59.9,26.5,-1,-1,-1,13.6,-1,864.1
2015,방한목적,뷰티/건강/치료,140,3.9,8.2,13.5,11.7,6.5,42.8,13.4,3626.2
2015,방한목적,쇼핑,1294,4.7,18.2,16.7,12.4,13.2,29.8,5.1,2517.9
2015,여행형태,개별여행,8749,22.7,23,15.5,10.1,10.7,15.4,2.7,1673.4
2015,여행형태,단체여행,3375,3.1,18.5,28.1,16.9,17.3,15.2,0.8,1908.4
2015,여행형태,Air-tel Tour,758,9.4,48.9,16.4,7.5,11.2,6.6,-1,1286.2
2015,방한횟수,1회,6949,13.3,21.9,21.4,13.1,13.8,15,1.5,1768.2
2015,방한횟수,2회,2097,15.1,23.3,17.8,12.4,12.9,16.4,2.2,1788.2
2015,방한횟수,3회,1015,19.1,24.4,17.5,9.6,10.6,15.7,3.2,1673.9
2015,방한횟수,4회 이상,2821,25.7,26.7,14,8.5,9.4,12.9,2.8,1530.7
2015,직업,공무원 군인,709,17.8,19.2,17.4,16.2,14,12.8,2.6,1670.5
2015,직업,기업인 경영직,1327,23.7,25.9,14.7,9.5,11.3,12.2,2.6,1533.9
2015,직업,사무기술직,2733,17.7,23.8,18.9,13.5,12.3,12.6,1.2,1610
2015,직업,판매 서비스직,1511,15.9,26.4,23.3,10.9,10.6,11.9,0.9,1548.4
2015,직업,전문직,1102,19.5,24.6,19.6,10.2,12.6,12.9,0.6,1578.7
2015,직업,생산/기능/노무,504,17.7,28.5,19.5,12.7,11.1,9.7,0.7,1418.8
2015,직업,자영업자,1450,10.1,13.1,18.2,12.6,14.3,25.4,6.2,2353.6
2015,직업,학생,1599,17,25.4,19.5,10.4,11.1,14.8,1.7,1707.4
2015,직업,주부,552,16.7,23.5,16,9.1,15.2,18,1.5,1887.9
2015,직업,은퇴자,293,15.4,28.1,19.2,12.7,12.1,11.9,0.5,1553.7
2015,직업,무직,258,15.9,28.8,11.9,10.1,17.7,13.5,2.2,1592.4
2015,직업,기타,783,11.5,21.6,20.7,11.1,13.2,19.1,2.8,1943.6
2015,직업,무응답,62,10.4,23.4,25,12.7,6.7,21.8,-1,1985.9
2016,전체,소계,12003,13.6,26.5,21.6,13.3,11.2,12.2,1.6,1625.3
2016,월별,1월,758,14.5,26.1,17,11.6,12.8,16.4,1.6,1771.8
2016,월별,2월,797,16.2,24,18,13.2,10.6,15.2,2.9,1763
2016,월별,3월,978,15.5,28.3,19.9,9.9,11.7,13.2,1.5,1616.5
2016,월별,4월,1032,18.1,25,23,11.9,12.9,7.8,1.2,1430.3
2016,월별,5월,1030,17.5,25.1,22.4,12.6,10,11,1.5,1520.5
2016,월별,6월,1080,15,26,20.7,13.2,9.5,13.9,1.7,1619.6
2016,월별,7월,1183,9.9,24.9,22.1,18.7,14.9,9.6,-1,1617.4
2016,월별,8월,1154,9.8,28.8,19.7,14.1,11.7,13.7,2.1,1681.5
2016,월별,9월,1046,11.4,24.8,24.7,13,11.1,13.2,1.9,1755.6
2016,월별,10월,1103,11.1,26.3,26.3,13.9,9.5,10.8,2.1,1644.1
2016,월별,11월,906,14.2,29.7,20.6,11.3,9.5,12.7,1.9,1614.8
2016,월별,12월,937,12.5,28.8,22.8,14.7,9.4,10.7,1.1,1522.9
2016,거주국,일본,1763,29.3,49.1,14.2,3.1,2.3,1.8,0.2,813.9
2016,거주국,중국,6020,4.6,17.1,24.3,18.4,15.8,17.8,1.9,2059.5
2016,거주국,홍콩,499,10.3,29.2,25.5,13.9,12,8.5,0.6,1519.6
2016,거주국,싱가포르,158,8.9,23.2,26.4,15.1,18,7.5,0.8,1573.3
2016,거주국,대만,639,17.4,28.4,28.6,13.3,6,5.4,0.9,1244.3
2016,거주국,태국,324,18,40.9,21.9,9.1,5.9,3.6,0.6,1124.7
2016,거주국,말레이시아,223,23,30.6,24.4,8.3,6.2,2.5,4.9,1032.6
2016,거주국,호주,115,30.1,31.9,14.3,7.6,8.6,5.8,1.7,1149.9
2016,거주국,미국,630,27.6,28.2,16.3,9.2,6.7,9.8,2.3,1338.4
2016,거주국,캐나다,126,34.4,27,15.6,10.8,7.5,4.3,0.5,1020.6
2016,거주국,영국,91,26.5,32.5,17.4,9.2,6.7,7.2,0.5,1151.9
2016,거주국,독일,77,20,30.9,18.2,11.9,8.4,9,1.5,1318.7
2016,거주국,프랑스,66,21.2,43.9,13.4,7.6,8.4,4.2,1.2,1054.9
2016,거주국,러시아,138,15.8,23.6,15.3,11.4,14.2,16.7,2.9,1783.3
2016,거주국,중동전체,135,8.8,13.3,11.3,6.8,16.3,32.6,10.8,2593.8
2016,거주국,인도,57,29.5,27,12.5,8.7,8.7,12.1,1.6,1466.3
2016,거주국,기타,944,21.4,34,19.3,8,6.5,9.5,1.3,1337.2
2016,성별,남성,4960,18,28.3,20.7,11.8,9.7,9.9,1.6,1439.1
2016,성별,여성,7043,10.5,25.2,22.3,14.4,12.2,13.8,1.6,1756.4
2016,연령,15~20세,730,12.9,29.8,18.5,16,10.7,10.2,1.9,1510.7
2016,연령,21~30세,5231,11.6,25,22.9,14.2,11.6,13.2,1.5,1710.2
2016,연령,31~40세,3286,11.8,23.2,21.9,14.1,12.4,14.7,1.9,1780.7
2016,연령,41~50세,1581,18.1,31,19.3,12.1,9.2,8.7,1.6,1382.5
2016,연령,51~60세,859,21.6,33.3,20.7,7.4,9.4,6.6,1,1231.7
2016,연령,61세 이상,287,23.1,39.5,16.2,7.9,6.4,6.3,0.7,1184.3
2016,연령,모름/무응답,29,37.6,8.5,42.6,-1,1.5,3.7,6.1,961.8
2016,방한목적,여가/위락/휴식,7180,10.4,27.8,25.7,14.2,11.7,9.2,1,1533.1
2016,방한목적,친구/친지방문,888,31.1,32.2,14.1,9,6.4,6.7,0.5,1139.8
2016,방한목적,사업/전문 활동,1797,27.6,29.2,14.9,8.9,7.7,9.5,2.2,1316.1
2016,방한목적,교육,480,6.2,12.3,12.4,13.3,16,35,4.8,2862.6
2016,방한목적,종교 순례,51,26.5,38.6,15,7.5,7.7,4.6,-1,984
2016,방한목적,기타,11,76.4,21.8,-1,1.9,-1,-1,-1,296.1
2016,방한목적,뷰티/건강/치료,75,3.9,11.3,9.1,10.7,11.3,32.3,21.4,2914.4
2016,방한목적,쇼핑,1521,4.3,18.3,18.8,17.5,14,24.7,2.3,2321.2
2016,여행형태,개별여행,8084,18.1,25.5,18.6,11.9,10.6,13.2,2.1,1625.5
2016,여행형태,단체여행,3002,4.1,24.1,29.7,18.3,12.2,11.3,0.5,1695.5
2016,여행형태,Air-tel Tour,917,5.9,43.3,21.7,9.3,12.7,6.6,0.4,1394.3
2016,방한횟수,1회,7375,12,25.3,23.5,14,12.2,11.4,1.5,1627.1
2016,방한횟수,2회,1522,10.6,26.4,21.9,16.6,11.4,11.8,1.4,1641.7
2016,방한횟수,3회,802,12.8,26,23.3,13.2,10.6,13.4,0.8,1674.3
2016,방한횟수,4회 이상,2304,21.1,30.5,14.8,9.1,7.9,14.4,2.2,1591.4
2016,직업,공무원 군인,505,12.8,25.6,20.9,15.2,13.4,11.2,0.9,1624.3
2016,직업,기업인 경영직,1156,17.8,27.7,19.1,10.9,9.6,13.2,1.8,1563
2016,직업,사무기술직,2434,15.4,28.3,22.7,13.7,10.3,8.8,0.8,1450.9
2016,직업,판매 서비스직,1423,14.3,30,22.4,13.7,10.7,7.6,1.3,1413.1
2016,직업,전문직,1118,14.3,28.1,19.2,12.5,14,10.7,1.2,1575.5
2016,직업,생산/기능/노무,422,12.2,30.7,26.1,13,10.3,5.8,1.7,1346.4
2016,직업,자영업자,1198,8.2,15.9,22.1,14.5,12.7,23.6,2.9,2264.9
2016,직업,학생,1927,13,26.4,21.1,12.9,11.3,13.3,2,1671.6
2016,직업,주부,557,15.8,26.9,20.7,10.1,8.4,15.7,2.3,1705.6
2016,직업,은퇴자,141,15.7,38.1,22.1,7.2,10.3,6,0.7,1264.1
2016,직업,무직,224,14.1,28.5,24.5,14,4.9,10.2,3.8,1442.2
2016,직업,기타,889,9.8,22.4,22.2,17.1,12.8,14.2,1.4,1824.1
2016,직업,무응답,10,11.5,33.8,20.9,-1,18.6,15.2,-1,1828.1
2017,전체,소계,13841,18.8,30.7,18.3,10.7,8.3,11.1,2,1481.6
2017,월별,1월,1259,19.7,30.1,17.5,11.1,9.3,10.8,1.5,1474.7
2017,월별,2월,1300,16.5,31.6,20.7,10.4,8,11.1,1.8,1474
2017,월별,3월,1276,17.7,32.9,21.3,9.2,8.3,8.7,1.9,1344.7
2017,월별,4월,1113,18.8,31.1,18.7,11.4,7.8,9.5,2.7,1432.8
2017,월별,5월,1000,21.3,30.6,19,8.6,6.8,10.2,3.6,1392.7
2017,월별,6월,1025,18.2,29.2,17.9,11.4,8.4,13.3,1.6,1606.2
2017,월별,7월,1039,20.7,30.2,20.7,11.6,7.8,8.2,0.7,1335.2
2017,월별,8월,1147,17.3,31.3,16.4,12.5,8.2,11.9,2.5,1549
2017,월별,9월,1122,21.5,30.6,16.6,10.4,8.7,10.5,1.8,1450.9
2017,월별,10월,1221,19.3,31.7,18.2,9.4,7.6,12.3,1.4,1500
2017,월별,11월,1146,21.6,31.3,16.5,10.2,8.4,10.2,1.7,1408.1
2017,월별,12월,1195,14.3,27.7,16.1,12.6,10.1,16.5,2.8,1803
2017,거주국,일본,2615,36.5,45.7,10.4,3,2.2,1.5,0.6,757.1
2017,거주국,중국,4585,10.1,20.3,18.4,14.2,12.1,21.2,3.8,2108
2017,거주국,홍콩,743,11.3,32.5,25,13.7,7.1,9.9,0.6,1437.4
2017,거주국,싱가포르,228,9.2,21.5,26.1,18.3,16.3,7.1,1.4,1590.2
2017,거주국,대만,1049,10.6,35.7,28.1,11.8,7.4,5.5,0.9,1301.7
2017,거주국,태국,510,15.5,39.4,22.5,9.6,6.9,4.8,1.4,1177.2
2017,거주국,말레이시아,328,17.4,38.5,20.7,12.2,6.2,3.7,1.3,1139.7
2017,거주국,호주,167,21.9,27.3,16.9,10.2,13.9,9,0.7,1409.6
2017,거주국,미국,933,23.7,30.9,18.4,9.6,8,8.7,0.7,1313.5
2017,거주국,캐나다,186,28.1,29.4,17,9.6,7.5,7.4,1,1147.7
2017,거주국,영국,132,21.1,30.7,20.3,8.5,10.8,8,0.5,1363.8
2017,거주국,독일,112,20.5,30.3,17.5,9.5,10,10.1,2.2,1364.5
2017,거주국,프랑스,97,16.2,29.1,22.2,10.8,10,10.8,0.9,1475.6
2017,거주국,러시아,246,15.1,26.4,19.2,10.2,10.5,16.4,2.1,1727.4
2017,거주국,중동전체,226,13.7,20.7,12.8,10,14.7,21.9,6.1,2231.7
2017,거주국,인도,85,22.3,27,15.6,9,8.7,14.3,3.1,1686.2
2017,거주국,필리핀,284,26.4,38.5,19.3,7.9,4.3,2.5,1.1,981.2
2017,거주국,인도네시아,195,16.4,33.9,22.5,10.8,10.5,3.2,2.7,1202.4
2017,거주국,베트남,332,20.5,32.5,22.6,12.2,5,5.8,1.4,1213.5
2017,거주국,기타,787,25.1,28.7,17.3,13,6.4,8.7,0.8,1332.4
2017,성별,남성,6217,21.3,30.1,17.8,11.1,8.1,9.8,1.8,1406.9
2017,성별,여성,7624,16.8,31.2,18.8,10.4,8.4,12.2,2.2,1542.8
2017,연령,15~20세,953,21.4,27.1,18.2,7.9,10.9,11.9,2.6,1521.1
2017,연령,21~30세,5655,16.7,30.1,17.1,11.6,8.6,13.6,2.3,1631.3
2017,연령,31~40세,3429,16.5,29,19.7,11.3,8.6,12.4,2.5,1554.2
2017,연령,41~50세,2128,22.5,31.9,20,9.6,8.1,7,0.9,1260.4
2017,연령,51~60세,1217,24.3,36.5,18.5,10.4,4.7,4.6,0.9,1085.6
2017,연령,61세 이상,444,25.8,38.4,15,7.4,6.7,5.9,0.8,1118.6
2017,연령,모름/무응답,15,12.5,46.9,11.2,9,9.3,8,3,1299.6
2017,방한목적,여가/위락/휴식,7182,16.7,34.6,20.7,11.5,7.9,7.7,0.9,1328.2
2017,방한목적,친구/친지방문,1388,28.5,31.1,15.4,8.9,6.4,8.3,1.4,1227.7
2017,방한목적,사업/전문 활동,2631,26.8,30.5,16,10.1,6.6,8.4,1.6,1281.3
2017,방한목적,교육,799,9.9,10.6,12.4,8.8,18.5,34.5,5.2,2807.9
2017,방한목적,종교 순례,64,45.7,29.5,7.7,5.9,6.6,4.6,-1,1042.2
2017,방한목적,기타,39,45.2,25.7,8.6,5.8,8.6,5.2,0.8,921.5
2017,방한목적,뷰티/건강/치료,171,4.7,17.2,16.1,10.1,11.2,25,15.8,2616.7
2017,방한목적,쇼핑,1566,10.8,25.1,17.7,11.1,9,21.1,5.2,2047.4
2017,여행형태,개별여행,11462,20.8,28.1,17.1,10.6,8.6,12.4,2.3,1537
2017,여행형태,단체여행,1606,8,35.4,27.2,14.1,8,6.5,0.7,1340.7
2017,여행형태,Air-tel Tour,773,11.6,60.5,17.2,4.8,3.7,2,0.2,968.5
2017,방한횟수,1회,6471,17.8,33.6,19.8,10.6,7.6,9.2,1.4,1378.8
2017,방한횟수,2회,2474,15.1,29.7,19.3,12,9.9,11.9,2,1585.8
2017,방한횟수,3회,1315,17.3,27.2,18.7,11.9,10.3,12.5,2.1,1593.4
2017,방한횟수,4회 이상,3581,23.8,27.6,14.9,9.6,7.6,13.5,3,1556.4
2017,직업,공무원 군인,628,18.9,30.4,19.5,12.8,8.2,8.9,1.4,1403.3
2017,직업,기업인 경영직,1464,18.6,28.4,19.7,12.5,9.6,9.4,1.8,1472.6
2017,직업,사무기술직,2543,22.7,34.5,18,9.5,6.3,8,1,1256.3
2017,직업,판매 서비스직,1611,17,33.1,20.1,10.9,7.4,9.1,2.2,1395.3
2017,직업,전문직,1312,22,31.2,18.7,11.2,7.6,8.2,1.1,1313.9
2017,직업,생산/기능/노무,563,20.8,32.6,19.9,10.1,7.6,7.4,1.5,1331.7
2017,직업,자영업자,1635,13.4,23.2,17.3,13.9,10.2,18.6,3.5,1929.8
2017,직업,학생,2269,17.3,30,16.3,8.8,9.9,15.4,2.4,1700.4
2017,직업,주부,647,18.1,39.4,19.7,8,6.2,6.9,1.6,1204.8
2017,직업,은퇴자,151,22.8,35,19,10.8,6.1,5.5,0.7,1144.4
2017,직업,무직,256,21.8,29.8,17.6,5.8,8.9,13.3,2.7,1478.9
2017,직업,기타,721,18.8,25.8,16.7,11.9,9.2,14.2,3.4,1607.5
2017,직업,무응답,42,6.3,33.6,22.7,15.2,5.5,12.3,4.3,1821.5
2018,전체,소계,-1,18.1,34.9,19.5,10.4,8,8.3,0.8,1342.4
2018,월별,1월,-1,21.6,29.7,18.6,11,8.1,9.4,1.6,1423.3
2018,월별,2월,-1,17.1,28.5,18.2,11.2,12.9,10.9,1.3,1515.8
2018,월별,3월,-1,15.2,37,19.2,10.3,8.7,9,0.6,1397.5
2018,월별,4월,-1,15.6,34.8,21.9,10.7,7.1,9,0.9,1360.5
2018,월별,5월,-1,17.6,37.7,18.1,9.4,8.5,7.9,0.6,1323.6
2018,월별,6월,-1,16.1,33.6,21.5,11.4,9.1,7.7,0.6,1340.8
2018,월별,7월,-1,19.5,35.2,18.6,10.4,8.5,7.8,-1,1291.4
2018,월별,8월,-1,20.4,36.4,18.8,9.8,6.4,7.5,0.7,1246.7
2018,월별,9월,-1,19.9,31.1,20.3,12.3,7.4,7.6,1.5,1335.4
2018,월별,10월,-1,16.4,36.5,20,11,6.8,8.4,0.9,1370.8
2018,월별,11월,-1,18.9,41.1,18,7.4,7.3,7,0.3,1229.3
2018,월별,12월,-1,19.7,33.6,20.6,9.9,6.9,8.7,0.6,1331.4
2018,거주국,일본,-1,32.5,48.2,11.6,3.9,2,1.7,-1,791.1
2018,거주국,중국,-1,8.3,24.6,21.3,14.9,12.6,16.8,1.5,1887.4
2018,거주국,홍콩,-1,14,42.8,24.1,9.3,5.2,3.9,0.7,1126.1
2018,거주국,싱가포르,-1,12,36.9,23.2,14.8,8.6,4.2,0.2,1280.3
2018,거주국,대만,-1,14.3,41.2,27.9,8.3,5.2,2.6,0.5,1102.8
2018,거주국,태국,-1,17,41.2,20.4,9.1,7.3,4.2,0.8,1146.8
2018,거주국,말레이시아,-1,17.7,40.8,26,9.3,4.2,1.9,-1,1035.9
2018,거주국,호주,-1,30.8,31.8,14.7,9.2,9.5,4,-1,1048.7
2018,거주국,미국,-1,24.2,34.2,16.8,9.7,8.4,6.1,0.5,1190
2018,거주국,캐나다,-1,32.1,33.6,15.5,7.7,4.7,5.4,1,1006.6
2018,거주국,영국,-1,22.3,35,20.5,9.8,7,5.1,0.3,1158.7
2018,거주국,독일,-1,20.3,36.2,18.1,8.3,8.8,7.5,0.8,1247.9
2018,거주국,프랑스,-1,19.5,34.5,24.6,8.2,9,4.2,-1,1172.5
2018,거주국,러시아,-1,19.6,32.7,18.2,10.7,9.6,8,1.3,1348.7
2018,거주국,중동전체,-1,11.6,25.6,18.4,12.2,15.1,14.5,2.6,1776.6
2018,거주국,인도,-1,20.1,28.3,19.6,9.1,10.5,11.6,0.8,1548.2
2018,거주국,필리핀,-1,29.8,37.1,18.3,7.5,4,2.8,0.5,965.4
2018,거주국,인도네시아,-1,20.7,32.4,24.1,10.2,8.4,3.4,0.8,1126.5
2018,거주국,베트남,-1,13.6,36.1,27.7,12.1,6.6,3.7,0.3,1204.4
2018,거주국,몽골,-1,10.4,21.5,17.7,13.5,16.4,19.9,0.5,2069.6
2018,거주국,기타,-1,21.4,29.7,17.4,12.8,10.1,8.4,0.2,1352.1
2018,성별,남성,-1,21,32.6,19.3,9.8,8.5,7.9,0.8,1300.7
2018,성별,여성,-1,15.8,36.6,19.7,10.8,7.7,8.6,0.7,1374.1
2018,연령,15~20세,-1,17.8,38.7,17.9,10.7,9,5.8,0.2,1193
2018,연령,21~30세,-1,16,35.9,20.4,9.7,8.1,9.2,0.7,1390
2018,연령,31~40세,-1,16.9,30.9,19.8,12,8.6,10.9,0.9,1502.1
2018,연령,41~50세,-1,20.6,34.3,18.8,10.1,7.6,7.3,1.2,1269.3
2018,연령,51~60세,-1,18.9,35.9,20.1,10.5,7.9,6,0.7,1224.6
2018,연령,61세 이상,-1,26.3,41.9,13.9,6.7,5.6,5.1,0.5,1066.9
2018,방한목적,여가/위락/휴식,-1,16,36.6,20.3,10.3,7.8,8.1,0.8,1345.5
2018,방한목적,사업/전문 활동,-1,27.9,29.3,16.4,10.3,7.9,7.7,0.5,1248.8
2018,방한목적,교육,-1,11.4,22.7,18.5,12.6,15.1,18.4,1.3,1893.7
2018,방한목적,종교 순례,-1,36.1,44,10.4,4.5,4.7,0.4,-1,778.8
2018,방한목적,기타,-1,25.7,22.4,9.8,14.2,11.9,16,-1,1603.7
2018,여행형태,개별여행,-1,20.7,32.4,18,10.3,8.2,9.5,0.9,1375
2018,여행형태,단체여행,-1,8.1,35.2,29.4,13.2,9.4,4.3,0.4,1317.1
2018,여행형태,Air-tel Tour,-1,6.7,60.5,19.1,6.9,3.9,3,-1,1047.3
2018,방한횟수,1회,-1,17.3,38.1,21.2,9.7,7.4,5.9,0.4,1217.7
2018,방한횟수,2회,-1,16.9,35.9,20.4,10.8,8.1,7.4,0.6,1312
2018,방한횟수,3회,-1,17.1,33,17.6,11,9.8,10.7,0.8,1438.2
2018,방한횟수,4회 이상,-1,20.2,30.2,17.3,10.9,8.3,11.7,1.4,1509.1
2019,전체,소계,-1,16.8,38.6,20.3,9.5,7.7,6.6,0.5,1239.2
2019,월별,1월,-1,17.4,37.2,24.1,8.8,6.9,4.3,1.4,1158.9
2019,월별,2월,-1,15.1,37.6,19.1,9.6,9,8.3,1.3,1382.7
2019,월별,3월,-1,16.7,41.6,19.2,7.1,7.2,7.5,0.6,1254.7
2019,월별,4월,-1,16.1,38.5,21.8,11,7.6,4.7,0.4,1177.7
2019,월별,5월,-1,18.3,38.9,20.9,8.6,6.6,5.9,0.9,1170.7
2019,월별,6월,-1,17.7,40,19.8,9,8.6,4.9,-1,1188.8
2019,월별,7월,-1,17.2,37.5,19.1,9.2,8.2,8,0.7,1309
2019,월별,8월,-1,19.3,39.4,21.2,7.3,5.6,7.1,-1,1191.4
2019,월별,9월,-1,15.8,37.5,17.5,12.2,8,8.8,0.2,1326.5
2019,월별,10월,-1,15.3,38.5,22.1,11.5,6.2,6.4,0.1,1228.5
2019,월별,11월,-1,17.1,37.3,18.5,9.9,9.4,7.3,0.5,1261
2019,월별,12월,-1,15.7,38.6,20.4,10,9,6.2,0.1,1235.8
2019,거주국,일본,-1,28,53.9,12.7,3,1.1,1,0.3,758.9
2019,거주국,중국,-1,9.3,28.5,23,13.3,12.3,12.8,0.7,1632.6
2019,거주국,홍콩,-1,14.2,43.5,25.7,8.9,5.6,1.9,0.1,1052.9
2019,거주국,싱가포르,-1,13.2,31.9,27.9,16.3,6.9,3.6,0.2,1217.8
2019,거주국,대만,-1,12.1,46.7,26.8,8.7,3.8,1.7,0.3,1034.8
2019,거주국,태국,-1,16.3,53.3,18.9,6.2,3.4,1.7,0.2,945.3
2019,거주국,말레이시아,-1,24.1,43.2,19.7,6.1,4.7,2.2,-1,946.7
2019,거주국,호주,-1,27,31.2,21.4,5.5,8.5,5.7,0.6,1128.2
2019,거주국,미국,-1,23.2,35.5,17.5,9.4,8.6,5.5,0.2,1148.6
2019,거주국,캐나다,-1,34,34.3,14.8,7.1,6.9,2.6,0.3,897.4
2019,거주국,영국,-1,19.5,37.2,20.6,10.3,7.6,3.7,1.2,1132.8
2019,거주국,독일,-1,16,38.5,20,13.1,5.9,6.5,-1,1230
2019,거주국,프랑스,-1,18.8,30.4,22.4,11.3,11,6.1,-1,1279.3
2019,거주국,러시아,-1,26.5,40.2,14.1,6.9,5.9,5.7,0.7,1120.2
2019,거주국,중동전체,-1,16.8,26.5,15.5,11.2,14.1,14.5,1.2,1696.5
2019,거주국,중앙아시아,-1,19.7,26.9,16.7,10.9,11.5,13.2,1.1,1581.7
2019,거주국,GCC,-1,8.9,15.2,12.2,13.3,17.2,31.5,1.7,2558.8
2019,거주국,기타중동,-1,14,33.4,14.5,10.8,19.7,6.4,1.2,1429.6
2019,거주국,인도,-1,14.1,33.4,13,11.4,13.6,14.1,0.4,1633.2
2019,거주국,필리핀,-1,30,47.5,15.4,2.8,3,0.8,0.6,807.5
2019,거주국,인도네시아,-1,17.9,29.8,26.9,13,7.9,4.3,0.1,1233.2
2019,거주국,베트남,-1,12.7,39.2,19.9,14,8.8,5.2,0.3,1275.6
2019,거주국,몽골,-1,14.3,24.8,18.7,11.2,17.5,11.4,2.2,1616
2019,거주국,기타,-1,14.1,37.3,24.2,11.8,7.9,4.6,0.2,1259.6
2019,성별,남성,-1,19.2,37.7,19.8,8.8,8,5.9,0.5,1198.9
2019,성별,여성,-1,15.1,39.2,20.6,10,7.4,7.1,0.4,1267.3
2019,연령,15~20세,-1,20,40.8,17.9,8.2,5.8,6.5,0.7,1152.6
2019,연령,21~30세,-1,16.2,40.6,19.8,8.7,7.6,6.8,0.3,1232.6
2019,연령,31~40세,-1,14.2,34.5,21.2,11.2,8.9,9.4,0.5,1395.9
2019,연령,41~50세,-1,17.7,37.6,21.2,9.5,7.9,5.4,0.6,1216
2019,연령,51~60세,-1,18.7,39.6,19.9,9.4,7.1,4.5,0.7,1139.5
2019,연령,61세 이상,-1,20.5,42.7,18.8,8.7,5.4,3.7,0.3,1040.6
2019,방한목적,여가/위락/휴식,-1,14,40.7,21.4,9.8,7.4,6.4,0.4,1243.1
2019,방한목적,친구/친지방문,-1,26.1,36,16.4,8.8,6.7,5.2,0.9,1105.2
2019,방한목적,사업/전문 활동,-1,21.7,35.1,18.5,9.2,7.8,7,0.5,1230.8
2019,방한목적,교육,-1,9.6,22.6,22.4,10.9,18.1,16.4,-1,1775.3
2019,방한목적,종교 순례,-1,26.1,43.3,10.7,4.6,13.6,1.6,-1,995.2
2019,방한목적,기타,-1,39.4,20.6,13.4,5.3,8.6,10.9,1.7,1374.6
2019,여행형태,개별여행,-1,19.3,35.9,19,9.6,8.3,7.3,0.6,1259.2
2019,여행형태,단체여행,-1,9.9,42.1,26.2,10.6,5.9,5.2,0.1,1226.6
2019,여행형태,Air-tel Tour,-1,5.2,58.4,21.8,6.8,4.6,2.9,0.3,1066.1
2019,방한횟수,1회,-1,16.1,40.9,21.5,8.7,7.6,4.8,0.3,1170.3
2019,방한횟수,2회,-1,16.4,40.3,20.2,9.5,7.3,6.1,0.2,1201.6
2019,방한횟수,3회,-1,15.9,35,19.8,11.7,8.8,8.1,0.7,1317.9
2019,방한횟수,4회 이상,-1,18.2,35.8,18.8,9.9,7.5,8.9,0.8,1328.3
