1,Precious Achiuwa,PF,21,MIA,60,3,11.6,1.9,3.5,0.538,0,0,0,1.9,3.5,0.54,0.538,0.9,1.7,0.515,1.2,2.1,3.3,0.5,0.3,0.5,0.7,1.5,4.7
2,Jaylen Adams,PG,24,MIL,7,0,2.6,0.1,1.1,0.125,0,0.3,0,0.1,0.9,0.167,0.125,0,0,,0,0.4,0.4,0.3,0,0,0,0.1,0.3
3,Steven Adams,C,27,NOP,58,58,27.7,3.3,5.3,0.614,0,0.1,0,3.3,5.3,0.62,0.614,1,2.3,0.444,3.7,5.2,8.9,1.9,0.9,0.7,1.3,1.9,7.6
4,Bam Adebayo,C,23,MIA,64,64,33.5,7.1,12.5,0.57,0,0.1,0.25,7.1,12.4,0.573,0.571,4.4,5.5,0.799,2.2,6.7,9,5.4,1.2,1,2.6,2.3,18.7
5,LaMarcus Aldridge,C,35,TOT,26,23,25.9,5.4,11.4,0.473,1.2,3.1,0.388,4.2,8.3,0.505,0.525,1.6,1.8,0.872,0.7,3.8,4.5,1.9,0.4,1.1,1,1.8,13.5
5,LaMarcus Aldridge,C,35,SAS,21,18,25.9,5.5,11.8,0.464,1.3,3.6,0.36,4.2,8.2,0.509,0.518,1.5,1.8,0.838,0.8,3.7,4.5,1.7,0.4,0.9,1,1.7,13.7
5,LaMarcus Aldridge,C,35,BRK,5,5,26,5,9.6,0.521,0.8,1,0.8,4.2,8.6,0.488,0.563,2,2,1,0.4,4.4,4.8,2.6,0.6,2.2,1.4,2.2,12.8
6,Ty-Shon Alexander,SG,22,PHO,15,0,3.1,0.2,0.8,0.25,0.1,0.6,0.222,0.1,0.2,0.333,0.333,0.1,0.1,0.5,0.1,0.5,0.7,0.4,0,0.1,0.2,0.1,0.6
7,Nickeil Alexander-Walker,SG,22,NOP,45,12,21.6,4.2,9.8,0.422,1.6,4.7,0.351,2.5,5.2,0.487,0.506,1,1.4,0.719,0.3,2.8,3.1,2.2,1,0.5,1.4,2,11
8,Grayson Allen,SG,25,MEM,50,38,25.2,3.5,8.3,0.418,2.1,5.5,0.391,1.3,2.8,0.471,0.547,1.6,1.8,0.868,0.4,2.8,3.2,2.2,0.9,0.2,1,1.4,10.6
9,Jarrett Allen,C,22,TOT,62,44,29.6,4.8,7.7,0.623,0.1,0.3,0.333,4.7,7.4,0.635,0.629,3.2,4.6,0.703,3.1,6.9,10,1.7,0.5,1.4,1.6,1.5,12.9
9,Jarrett Allen,C,22,BRK,12,5,26.7,3.7,5.4,0.677,0,0,,3.7,5.4,0.677,0.677,3.8,5.1,0.754,3.2,7.3,10.4,1.7,0.6,1.6,1.8,1.8,11.2
9,Jarrett Allen,C,22,CLE,50,39,30.3,5,8.2,0.615,0.1,0.4,0.333,4.9,7.8,0.628,0.622,3.1,4.4,0.689,3.1,6.8,9.9,1.7,0.5,1.4,1.6,1.5,13.3
10,Al-Farouq Aminu,PF,30,TOT,23,14,18.9,1.7,4.3,0.384,0.3,1.6,0.216,1.3,2.7,0.484,0.424,0.8,1,0.818,1,3.8,4.8,1.3,0.8,0.4,1.2,1.3,4.4
10,Al-Farouq Aminu,PF,30,ORL,17,14,21.6,2.1,5.2,0.404,0.4,1.8,0.226,1.7,3.4,0.5,0.444,0.8,1,0.824,1.2,4.2,5.4,1.7,1,0.5,1.5,1.3,5.5
10,Al-Farouq Aminu,PF,30,CHI,6,0,11.2,0.3,1.7,0.2,0.2,1,0.167,0.2,0.7,0.25,0.25,0.7,0.8,0.8,0.3,2.8,3.2,0.3,0.3,0,0.5,1.2,1.5
11,Kyle Anderson,PF,27,MEM,68,68,27.3,4.5,9.5,0.468,1.4,3.8,0.363,3.1,5.7,0.538,0.541,2.1,2.7,0.78,0.8,5,5.8,3.6,1.2,0.8,1.3,1.7,12.4
12,Giannis Antetokounmpo,PF,26,MIL,61,61,33,10.3,18,0.569,1.1,3.6,0.303,9.2,14.4,0.636,0.6,6.5,9.5,0.685,1.6,9.4,11,5.9,1.2,1.2,3.4,2.8,28.1
13,Kostas Antetokounmpo,PF,23,LAL,15,0,3.7,0.2,0.7,0.3,0,0,,0.2,0.7,0.3,0.3,0.4,0.9,0.462,0.3,1,1.3,0.1,0.1,0.3,0.7,0.5,0.8
14,Thanasis Antetokounmpo,SF,28,MIL,56,2,9.6,1.2,2.4,0.504,0.1,0.5,0.259,1.1,1.9,0.566,0.53,0.4,0.9,0.51,1,1.2,2.2,0.8,0.4,0.2,0.8,1.3,3
15,Carmelo Anthony,PF,36,POR,68,3,24.5,4.8,11.3,0.422,1.9,4.7,0.409,2.8,6.6,0.432,0.508,2,2.2,0.888,0.5,2.6,3.1,1.5,0.7,0.6,0.9,2.1,13.4
16,Cole Anthony,PG,20,ORL,46,33,26.8,4.5,11.5,0.397,1.2,3.5,0.337,3.3,7.9,0.423,0.449,2.1,2.5,0.812,0.8,3.8,4.6,4.1,0.6,0.4,2.2,2.1,12.3
17,OG Anunoby,SF,23,TOR,43,43,33.3,5.8,12.1,0.48,2.4,6.1,0.398,3.4,6,0.562,0.58,1.9,2.4,0.784,1.3,4.3,5.5,2.2,1.5,0.7,1.7,2.7,15.9
18,Ryan Arcidiacono,PG,26,CHI,43,0,10.1,1,2.6,0.396,0.5,1.5,0.333,0.5,1.1,0.479,0.491,0.3,0.5,0.65,0.1,1.3,1.5,1.3,0.2,0,0.2,1,2.8
19,Trevor Ariza,SF,35,MIA,30,27,28,3.3,8,0.411,1.7,4.8,0.35,1.6,3.3,0.5,0.515,1.1,1.5,0.773,0.9,3.9,4.8,1.8,1,0.6,0.7,1.8,9.4
20,D.J. Augustin,PG,33,TOT,56,11,19.8,2.3,5.9,0.392,1.4,3.7,0.382,0.9,2.2,0.408,0.511,1.4,1.6,0.9,0.3,1.3,1.6,3.3,0.5,0,1.1,1,7.5
20,D.J. Augustin,PG,33,MIL,37,6,19.3,1.9,5.2,0.37,1.3,3.5,0.38,0.6,1.7,0.349,0.497,1,1.1,0.9,0.3,1.1,1.4,3,0.5,0,0.9,0.9,6.1
20,D.J. Augustin,PG,33,HOU,19,5,20.7,3.1,7.4,0.421,1.6,4.1,0.385,1.5,3.3,0.468,0.529,2.4,2.6,0.9,0.4,1.7,2.1,3.8,0.4,0,1.5,1.2,10.2
21,Deni Avdija,SF,20,WAS,54,32,23.3,2.4,5.8,0.417,1,3.1,0.315,1.4,2.7,0.535,0.502,0.5,0.8,0.644,0.4,4.4,4.9,1.2,0.6,0.3,0.6,2.6,6.3
22,Deandre Ayton,C,22,PHO,69,69,30.7,6.2,10,0.626,0.1,0.3,0.2,6.2,9.7,0.639,0.629,1.9,2.5,0.769,3.3,7.2,10.5,1.4,0.6,1.2,1.5,2.8,14.4
23,Udoka Azubuike,C,21,UTA,14,0,3.9,0.3,0.6,0.444,0,0,,0.3,0.6,0.444,0.444,0.3,0.4,0.667,0.3,0.6,0.9,0,0.1,0.3,0.2,0.6,0.9
24,Dwayne Bacon,SG,25,ORL,71,49,25.7,4.1,10.1,0.402,0.8,2.9,0.286,3.2,7.2,0.448,0.443,2,2.4,0.826,0.4,2.6,3.1,1.3,0.6,0.1,0.6,1.4,11
25,Marvin Bagley III,PF,21,SAC,43,42,25.9,5.7,11.4,0.504,0.9,2.5,0.343,4.9,8.9,0.55,0.542,1.8,3.1,0.575,2.5,4.9,7.4,1,0.5,0.5,1.4,2.3,14.1
26,LaMelo Ball,PG,19,CHO,50,30,28.7,5.7,13,0.439,1.8,5.1,0.356,3.9,8,0.492,0.508,2.4,3.2,0.758,1.2,4.7,5.9,6.2,1.6,0.4,2.9,2.7,15.7
27,Lonzo Ball,PG,23,NOP,55,55,31.8,5.3,12.7,0.414,3.1,8.3,0.378,2.1,4.5,0.482,0.537,0.9,1.2,0.781,0.6,4.2,4.8,5.7,1.5,0.6,2.2,1.9,14.6
28,Mo Bamba,C,22,ORL,45,4,15.6,3.1,6.5,0.478,0.8,2.5,0.319,2.3,4,0.579,0.54,1,1.4,0.688,1.6,4.1,5.8,0.7,0.3,1.3,0.8,1.9,8
29,Desmond Bane,SG,22,MEM,67,17,22.2,3.4,7.4,0.469,1.7,4,0.429,1.7,3.4,0.516,0.585,0.6,0.7,0.816,0.5,2.7,3.1,1.7,0.6,0.2,0.9,1.9,9.2
30,Harrison Barnes,PF,28,SAC,58,58,36.2,5.5,11.1,0.497,1.7,4.4,0.391,3.8,6.7,0.567,0.575,3.4,4.1,0.83,1.1,5.5,6.6,3.5,0.7,0.2,1.6,1.3,16.1
31,RJ Barrett,SG,20,NYK,71,71,34.9,6.5,14.8,0.439,1.7,4.3,0.4,4.8,10.5,0.455,0.497,2.8,3.8,0.746,1,4.8,5.8,3,0.7,0.3,1.9,2.6,17.5
32,Will Barton,SF,30,DEN,56,52,31,4.6,10.9,0.426,1.8,4.6,0.381,2.9,6.3,0.459,0.507,1.7,2.2,0.785,0.7,3.3,4,3.2,0.9,0.4,1.7,1.7,12.7
33,Keita Bates-Diop,SF,25,SAS,29,0,8,0.9,2.1,0.426,0.2,0.6,0.294,0.7,1.5,0.477,0.467,0.4,0.7,0.65,0.2,1.3,1.5,0.4,0.4,0.2,0.2,0.4,2.4
34,Nicolas Batum,SF,32,LAC,67,38,27.4,2.9,6.1,0.464,1.6,4.1,0.404,1.2,2.1,0.579,0.597,0.7,0.9,0.828,0.7,4,4.7,2.2,1,0.6,0.8,1.5,8.1
35,Aron Baynes,C,34,TOR,52,31,18.3,2.5,5.6,0.44,0.5,1.9,0.245,2,3.8,0.538,0.481,0.5,0.8,0.718,1.6,3.4,5.1,0.9,0.3,0.4,0.9,2.3,6
36,Kent Bazemore,SF,31,GSW,66,17,19.8,2.7,5.9,0.45,1.1,2.8,0.41,1.5,3.2,0.486,0.546,0.8,1.2,0.684,0.4,3.1,3.5,1.6,1,0.5,1.2,2.3,7.3
37,Darius Bazley,PF,20,OKC,55,55,31.2,5,12.5,0.396,1.5,5.2,0.29,3.5,7.3,0.47,0.456,2.3,3.2,0.702,0.9,6.3,7.2,1.8,0.5,0.5,2.2,1.1,13.7
38,Bradley Beal,SG,27,WAS,59,59,35.8,11.2,23,0.489,2.2,6.1,0.351,9.1,16.8,0.539,0.535,6.8,7.7,0.889,1.2,3.5,4.7,4.4,1.2,0.4,3.1,2.3,31.4
39,Malik Beasley,SG,24,MIN,37,36,32.8,7.1,16.2,0.44,3.5,8.7,0.399,3.7,7.5,0.487,0.547,1.8,2.2,0.85,0.8,3.6,4.4,2.4,0.8,0.2,1.6,1.7,19.6
40,Jordan Bell,C,26,TOT,6,1,13.7,1.2,3.7,0.318,0,0.3,0,1.2,3.3,0.35,0.318,0.2,0.3,0.5,1.2,2.8,4,1.2,0.5,0.8,0.7,1.2,2.5
40,Jordan Bell,C,26,WAS,5,1,13.4,1.4,4,0.35,0,0.4,0,1.4,3.6,0.389,0.35,0,0,,1.2,2.6,3.8,1,0.6,0.6,0.6,1,2.8
40,Jordan Bell,F,26,GSW,1,0,15,0,2,0,0,0,,0,2,0,0,1,2,0.5,1,4,5,2,0,2,1,2,1
41,DeAndre' Bembry,SF,26,TOR,50,11,18.6,2.2,4.1,0.524,0.3,1,0.271,1.9,3.2,0.601,0.556,0.8,1.2,0.661,0.6,2.2,2.8,2.1,1,0.4,1.4,1.7,5.4
42,D?vis Bert?ns,PF,28,WAS,56,6,25.7,3.4,8.4,0.402,3,7.5,0.394,0.4,0.9,0.469,0.579,1.8,2.1,0.87,0.3,2.6,2.9,0.9,0.6,0.2,0.6,2.4,11.5
43,Patrick Beverley,PG,32,LAC,36,33,22.6,2.4,5.9,0.415,1.6,3.9,0.403,0.9,2,0.438,0.547,1,1.2,0.814,0.8,2.5,3.3,2,0.8,0.8,0.9,3,7.4
44,Saddiq Bey,SF,21,DET,69,52,27.1,3.9,9.7,0.406,2.5,6.4,0.384,1.5,3.3,0.449,0.534,1.7,2.1,0.845,0.6,3.9,4.5,1.3,0.7,0.2,0.8,1.6,12.1
45,Tyler Bey,SF,22,DAL,17,0,3.9,0.4,1.2,0.35,0.1,0.2,0.25,0.4,0.9,0.375,0.375,0.2,0.3,0.6,0.4,0.6,1,0.2,0,0.1,0.1,0.4,1.1
46,Khem Birch,C,28,TOT,66,21,22.5,2.7,5.5,0.496,0.2,0.7,0.265,2.5,4.8,0.532,0.514,1.3,1.9,0.701,2.6,3.1,5.7,1.3,0.7,0.8,0.7,1.7,7
46,Khem Birch,C,28,ORL,48,5,19.8,2,4.4,0.45,0.1,0.4,0.19,1.9,3.9,0.479,0.459,1.3,1.8,0.741,2.4,2.6,5.1,1.1,0.7,0.6,0.5,1.4,5.3
46,Khem Birch,C,28,TOR,18,16,29.8,4.8,8.7,0.558,0.5,1.6,0.321,4.3,7.1,0.609,0.587,1.4,2.3,0.619,2.9,4.3,7.2,1.8,0.8,1.2,1.1,2.4,11.6
47,Goga Bitadze,C,21,IND,44,3,12.5,1.8,4.3,0.429,0.5,1.8,0.26,1.4,2.5,0.545,0.481,1,1.4,0.738,1.3,2,3.3,0.8,0.2,1.4,0.4,2.1,5.2
48,Bismack Biyombo,C,28,CHO,65,36,20.7,2.2,3.7,0.585,0,0,0,2.2,3.7,0.588,0.585,0.7,1.6,0.448,2.1,3.2,5.3,1.2,0.3,1.1,1.1,2.2,5.1
49,Nemanja Bjelica,PF,32,TOT,36,2,15.5,2.3,5.1,0.443,0.6,2.2,0.291,1.6,2.9,0.558,0.505,1,1.4,0.735,0.8,2.6,3.4,1.8,0.4,0.1,0.9,1.8,6.1
49,Nemanja Bjelica,PF,32,SAC,26,1,16.9,2.7,5.8,0.46,0.7,2.2,0.293,2,3.5,0.565,0.517,1.2,1.6,0.762,0.9,2.9,3.8,1.9,0.3,0.1,1.1,1.8,7.2
49,Nemanja Bjelica,PF,32,MIA,10,1,11.8,1.2,3.3,0.364,0.6,2.1,0.286,0.6,1.2,0.5,0.455,0.4,0.7,0.571,0.3,1.8,2.1,1.4,0.5,0.2,0.3,1.7,3.4
50,Eric Bledsoe,SG,31,NOP,70,69,29.8,4.3,10.3,0.419,1.7,5,0.339,2.6,5.3,0.495,0.501,1.9,2.8,0.689,0.4,3,3.4,3.8,0.8,0.3,1.6,1.6,12.2
51,Keljin Blevins,SF,25,POR,17,0,4.4,0.3,1.2,0.25,0.1,0.5,0.25,0.2,0.7,0.25,0.3,0,0,,0.2,0.4,0.6,0.2,0.1,0,0.3,0.5,0.7
52,Bogdan Bogdanovi?,SG,28,ATL,44,27,29.7,6.1,12.8,0.473,3.3,7.6,0.438,2.8,5.3,0.522,0.602,0.9,1,0.909,0.5,3.2,3.6,3.3,1.1,0.3,1.2,2.3,16.4
53,Bojan Bogdanovi?,SF,31,UTA,71,71,30.8,5.6,12.8,0.441,2.5,6.4,0.39,3.1,6.4,0.491,0.538,3.2,3.6,0.876,0.5,3.3,3.9,1.9,0.6,0.1,1.7,1.6,17
54,Bol Bol,PF,21,DEN,31,2,4.9,0.8,1.7,0.462,0.3,0.7,0.391,0.5,0.9,0.517,0.548,0.3,0.5,0.643,0,0.7,0.7,0.2,0.1,0.3,0.4,0.5,2.1
55,Marques Bolden,C,22,CLE,6,0,4.8,0.2,0.5,0.333,0,0,,0.2,0.5,0.333,0.333,0.8,1.3,0.625,0.5,0.5,1,0,0.3,0.3,0.3,0,1.2
56,Jordan Bone,PG,23,ORL,14,0,14,1.6,3.9,0.426,0.7,2.3,0.313,0.9,1.6,0.591,0.519,0,0,,0.3,1.4,1.7,1.3,0.1,0,0.2,0.8,4
57,Isaac Bonga,SF,21,WAS,40,8,10.8,0.8,2,0.37,0.3,1.2,0.277,0.4,0.9,0.5,0.451,0.1,0.2,0.625,0.5,1.2,1.7,0.6,0.3,0.2,0.6,1.6,2
58,Devin Booker,SG,24,PHO,67,67,33.9,9.3,19.2,0.484,1.9,5.5,0.34,7.4,13.7,0.543,0.533,5.1,5.9,0.867,0.5,3.7,4.2,4.3,0.8,0.2,3.1,2.7,25.6
59,Chris Boucher,C,28,TOR,60,14,24.2,4.8,9.3,0.514,1.5,3.9,0.383,3.3,5.4,0.609,0.595,2.5,3.2,0.788,2,4.8,6.7,1.1,0.6,1.9,0.8,2.8,13.6
60,Brian Bowen,SF,22,IND,6,0,2.5,0.2,0.7,0.25,0,0.2,0,0.2,0.5,0.333,0.25,0.2,0.2,1,0,0.5,0.5,0,0,0,0,0.2,0.5
61,Avery Bradley,SG,30,TOT,27,6,22.3,2.4,6.3,0.374,1.2,3.7,0.327,1.1,2.6,0.443,0.471,0.4,0.6,0.8,0.3,1.8,2.1,1.7,0.8,0.1,1,2,6.4
61,Avery Bradley,SG,30,MIA,10,1,21.1,3.1,6.6,0.47,1.6,3.8,0.421,1.5,2.8,0.536,0.591,0.7,0.9,0.778,0.2,1.6,1.8,1.4,0.7,0.1,0.9,2.6,8.5
61,Avery Bradley,SG,30,HOU,17,5,23,1.9,6.2,0.314,1,3.7,0.27,0.9,2.5,0.381,0.395,0.3,0.4,0.833,0.4,1.9,2.3,1.9,0.8,0.1,1.1,1.7,5.2
62,Tony Bradley,C,23,TOT,41,8,16.3,3.1,4.7,0.661,0,0.1,0,3.1,4.6,0.672,0.661,0.9,1.3,0.691,2,3.6,5.7,0.9,0.4,0.7,0.8,1.5,7.1
62,Tony Bradley,C,23,PHI,20,8,14.4,2.6,3.8,0.68,0,0.1,0,2.6,3.7,0.689,0.68,0.4,0.6,0.636,2,3.3,5.2,0.9,0.3,0.7,0.3,1.4,5.5
62,Tony Bradley,C,23,OKC,21,0,18.2,3.6,5.6,0.65,0,0.1,0,3.6,5.5,0.661,0.65,1.5,2.1,0.705,2.1,4,6.1,0.9,0.4,0.7,1.3,1.6,8.7
63,Jarrell Brantley,PF,24,UTA,27,0,5,0.9,1.9,0.481,0.4,1,0.429,0.5,0.9,0.542,0.596,0.1,0.1,1,0.3,0.7,1,0.6,0.3,0.1,0.3,0.6,2.4
64,Ignas Brazdeikis,SF,22,TOT,12,0,17.9,2.7,6.2,0.432,0.8,1.9,0.391,1.9,4.3,0.451,0.493,0.8,1,0.75,0.9,2.2,3.1,1.1,0.3,0.3,0.8,1.6,6.8
64,Ignas Brazdeikis,SF,22,NYK,4,0,1.8,0,0.3,0,0,0,,0,0.3,0,0,0.5,0.5,1,0.3,0.3,0.5,0.3,0,0,0.3,0,0.5
64,Ignas Brazdeikis,SF,22,PHI,1,0,8,0,3,0,0,1,0,0,2,0,0,0,0,,0,2,2,0,0,0,0,0,0
64,Ignas Brazdeikis,SF,22,ORL,7,0,28.6,4.6,10,0.457,1.3,3.1,0.409,3.3,6.9,0.479,0.521,1,1.4,0.7,1.4,3.3,4.7,1.7,0.4,0.4,1.3,2.7,11.4
65,Mikal Bridges,SF,24,PHO,71,71,33,5.1,9.4,0.541,1.9,4.4,0.424,3.2,5,0.645,0.64,1.5,1.8,0.84,1.1,3.3,4.3,2.1,1.1,0.9,0.8,1.6,13.6
66,Miles Bridges,PF,22,CHO,65,18,29.1,4.7,9.3,0.508,1.8,4.3,0.406,3,5,0.598,0.603,1.5,1.7,0.864,1.2,4.8,6,2.3,0.7,0.7,1.6,2.2,12.7
67,Amida Brimah,C,26,IND,5,0,5.8,1,1.6,0.625,0,0,,1,1.6,0.625,0.625,0.6,0.6,1,0.4,1.2,1.6,0.2,0,1,0.8,0.8,2.6
68,Oshae Brissett,SF,22,IND,20,15,24.2,3.2,6.8,0.467,1.4,3.5,0.4,1.8,3.3,0.538,0.57,2.2,2.8,0.786,1.4,3.9,5.3,0.8,1,1,0.5,1.5,9.9
69,Malcolm Brogdon,PG,28,IND,56,56,34.5,7.9,17.5,0.453,2.6,6.7,0.388,5.3,10.8,0.493,0.527,2.7,3.2,0.864,1,4.2,5.3,5.9,0.9,0.3,2.1,2,21.2
70,Armoni Brooks,SG,22,HOU,19,5,25.6,3.8,9.1,0.416,2.8,7.3,0.388,0.9,1.8,0.529,0.572,0.4,0.6,0.583,0.5,2.8,3.4,1.6,0.5,0.3,1.1,1.6,10.8
71,Dillon Brooks,SF,25,MEM,66,66,29.8,6.5,15.4,0.419,1.9,5.6,0.345,4.5,9.8,0.461,0.481,2.3,2.8,0.819,0.8,2.1,2.9,2.3,1.2,0.4,1.8,3.5,17.2
72,Bruce Brown,PG,24,BRK,64,36,22.3,3.6,6.5,0.553,0.3,0.9,0.288,3.3,5.6,0.596,0.573,1.3,1.7,0.739,1.7,3.7,5.4,1.6,0.9,0.4,0.8,2.3,8.8
73,Charlie Brown,SG,23,OKC,8,1,15,1.4,4.1,0.333,0.6,2.1,0.294,0.8,2,0.375,0.409,0.8,0.8,1,0.1,1.6,1.8,0.9,0.5,0.1,0.6,2.1,4.1
74,Jaylen Brown,SG,24,BOS,58,58,34.5,9.3,19.2,0.484,2.8,7.1,0.397,6.5,12.1,0.536,0.558,3.3,4.3,0.764,1.2,4.8,6,3.4,1.2,0.6,2.7,2.9,24.7
75,Moses Brown,C,21,OKC,42,31,21,3.2,5.9,0.538,0,0,,3.2,5.9,0.538,0.538,1.9,3,0.619,3.5,5.2,8.7,0.2,0.7,1,1,2.2,8.2
76,Sterling Brown,SG,25,HOU,51,14,24.1,2.9,6.6,0.448,1.8,4.2,0.423,1.2,2.4,0.492,0.584,0.5,0.6,0.806,0.7,3.6,4.4,1.4,0.7,0.2,0.8,1.9,8.2
77,Troy Brown Jr.,SF,21,TOT,34,0,15.4,1.8,4.2,0.431,0.6,2.1,0.314,1.2,2.2,0.541,0.507,0.4,0.6,0.714,0.6,2.5,3.1,0.9,0.3,0.2,0.6,1.4,4.7
77,Troy Brown Jr.,SF,21,WAS,21,0,13.7,1.6,4.2,0.371,0.7,2.2,0.304,0.9,2,0.442,0.449,0.5,0.7,0.667,0.5,2.4,2.9,0.9,0.1,0.2,0.8,1.4,4.3
77,Troy Brown Jr.,SF,21,CHI,13,0,18.2,2.2,4.2,0.527,0.6,1.8,0.333,1.6,2.4,0.677,0.6,0.4,0.5,0.833,0.7,2.7,3.4,0.8,0.5,0.2,0.4,1.5,5.5
78,Jalen Brunson,PG,24,DAL,67,12,24.9,4.8,9.2,0.524,1.2,2.9,0.403,3.6,6.3,0.58,0.588,1.8,2.2,0.793,0.4,3,3.4,3.5,0.5,0,1.2,1.6,12.6
79,Thomas Bryant,C,23,WAS,10,10,27.1,5.9,9.1,0.648,0.9,2.1,0.429,5,7,0.714,0.698,1.6,2.4,0.667,1.8,4.3,6.1,1.5,0.4,0.8,1.1,3.1,14.3
80,Reggie Bullock,SF,29,NYK,64,63,29.9,3.8,8.6,0.438,2.5,6.1,0.407,1.3,2.5,0.516,0.582,0.8,0.9,0.909,0.3,3.2,3.4,1.5,0.8,0.2,0.7,2.3,10.8
81,Trey Burke,PG,28,DAL,61,1,14.8,2.5,5.7,0.43,1,2.7,0.358,1.5,3.1,0.492,0.513,0.8,0.9,0.895,0.2,0.7,0.9,1.3,0.6,0.1,0.5,1,6.7
82,Alec Burks,SG,29,NYK,48,5,25.6,4.3,10.2,0.416,2,5,0.406,2.2,5.2,0.426,0.515,2.1,2.5,0.856,0.4,4.2,4.6,2.2,0.6,0.3,1,2.1,12.6
83,Jimmy Butler,SF,31,MIA,52,52,33.6,7,14.2,0.497,0.5,2,0.245,6.6,12.2,0.538,0.514,6.9,8,0.863,1.8,5.1,6.9,7.1,2.1,0.3,2.1,1.4,21.5
84,Bruno Caboclo,PF,25,HOU,6,0,6,1.3,2.8,0.471,0,0.8,0,1.3,2,0.667,0.471,0.2,0.3,0.5,0.5,1.8,2.3,0.2,0,0.3,0.7,1,2.8
85,Devontae Cacok,PF,24,LAL,20,1,4.9,0.9,1.5,0.586,0,0,,0.9,1.5,0.586,0.586,0.3,0.6,0.455,0.6,1,1.6,0.1,0.3,0.2,0.3,0.4,2
86,Kentavious Caldwell-Pope,SG,27,LAL,66,66,28.4,3.2,7.5,0.43,1.8,4.3,0.411,1.5,3.2,0.455,0.548,1.5,1.7,0.866,0.4,2.3,2.7,1.8,0.9,0.4,1,1.7,9.7
87,Facundo Campazzo,PG,29,DEN,64,18,22,1.9,4.9,0.385,1.2,3.3,0.355,0.7,1.5,0.449,0.506,1.2,1.4,0.876,0.3,1.7,2.1,3.6,1.2,0.2,1.1,2,6.2
88,Vlatko ?an?ar,PF,23,DEN,40,1,6.6,0.8,1.7,0.463,0.2,0.8,0.29,0.6,0.9,0.611,0.53,0.3,0.3,0.769,0.3,0.9,1.2,0.4,0.3,0.1,0.4,0.4,2
89,Devin Cannady,PG,24,ORL,8,0,9.3,1.4,3.5,0.393,0.8,2,0.375,0.6,1.5,0.417,0.5,0.8,0.9,0.857,0,0.6,0.6,0.1,0.6,0.1,0.3,1.1,4.3
90,Clint Capela,C,26,ATL,63,63,30.1,6.6,11,0.594,0,0,,6.6,11,0.594,0.594,2.1,3.6,0.573,4.7,9.6,14.3,0.8,0.7,2,1.2,2.3,15.2
91,Vernon Carey Jr.,C,19,CHO,19,4,6.1,0.9,1.9,0.5,0.1,0.4,0.143,0.9,1.5,0.586,0.514,0.5,0.6,0.818,0.3,1.1,1.4,0.1,0.1,0.3,0.3,0.7,2.4
92,Jevon Carter,PG,25,PHO,59,0,11.4,1.4,3.4,0.423,0.9,2.5,0.379,0.5,0.9,0.536,0.56,0.1,0.1,0.571,0.2,1.2,1.4,1.1,0.4,0.2,0.2,0.9,3.9
93,Wendell Carter Jr.,C,21,TOT,54,44,25.5,4.3,8.5,0.503,0.3,0.9,0.294,4,7.5,0.53,0.52,2.4,3.3,0.732,2.4,5.8,8.2,1.9,0.6,0.8,1.4,2.7,11.2
93,Wendell Carter Jr.,C,21,CHI,32,25,24.8,4,7.9,0.512,0.3,0.7,0.364,3.8,7.2,0.526,0.528,2.6,3.5,0.739,2.2,5.6,7.8,2.2,0.6,0.8,1.5,3,10.9
93,Wendell Carter Jr.,C,21,ORL,22,19,26.5,4.6,9.3,0.493,0.3,1.3,0.241,4.3,8,0.534,0.51,2.2,3.1,0.721,2.8,6,8.8,1.6,0.8,0.8,1.3,2.3,11.7
94,Michael Carter-Williams,SG,29,ORL,31,25,25.8,3.4,8.7,0.389,0.5,2,0.246,2.9,6.7,0.431,0.417,1.6,2.6,0.613,1.3,3.2,4.5,4.2,0.8,0.5,2.2,2.6,8.8
95,Alex Caruso,PG,26,LAL,57,6,21,2.3,5.2,0.434,0.9,2.3,0.406,1.3,2.9,0.457,0.525,0.9,1.3,0.645,0.5,2.4,2.9,2.7,1.1,0.2,1.3,1.9,6.3
96,Willie Cauley-Stein,C,27,DAL,52,16,17.3,2.2,3.5,0.635,0,0.2,0.091,2.2,3.3,0.671,0.638,0.9,1.5,0.628,1.3,3.3,4.5,0.7,0.4,0.8,0.5,2.4,5.4
97,Chris Chiozza,PG,25,BRK,22,1,10.5,1.4,4,0.352,0.6,1.9,0.31,0.8,2.1,0.391,0.426,0.6,0.8,0.765,0.1,1,1.1,3,0.3,0.3,0.7,0.9,4
98,Marquese Chriss,PF,23,GSW,2,0,13.5,2.5,7,0.357,0.5,2.5,0.2,2,4.5,0.444,0.393,1,2,0.5,1.5,5,6.5,1,0,1,1,1.5,6.5
99,Gary Clark,SF,26,TOT,38,11,17,1.1,3.4,0.305,0.8,2.8,0.287,0.2,0.6,0.391,0.424,0.2,0.3,0.8,0.9,2.1,3,0.8,0.3,0.2,0.4,0.9,3.1
99,Gary Clark,SF,26,ORL,35,11,18.2,1.1,3.7,0.305,0.9,3.1,0.287,0.3,0.7,0.391,0.424,0.2,0.3,0.8,0.9,2.3,3.2,0.9,0.3,0.2,0.5,1,3.4
99,Gary Clark,SF,26,DEN,2,0,2,0,0,,0,0,,0,0,,,0,0,,0,0.5,0.5,0,0,0,0,0,0
99,Gary Clark,F,26,PHI,1,0,4,0,0,,0,0,,0,0,,,0,0,,0,1,1,1,1,0,0,1,0
100,Brandon Clarke,PF,24,MEM,58,16,24.2,4.4,8.5,0.519,0.3,1.3,0.26,4.1,7.1,0.568,0.54,1.3,1.9,0.69,1.7,4,5.6,1.6,1,0.9,0.6,1.4,10.5
101,Jordan Clarkson,SG,28,UTA,67,1,26.6,6.7,15.7,0.423,3,8.8,0.344,3.6,7,0.521,0.518,1.9,2.1,0.892,0.7,3.4,4.1,2.5,0.9,0.1,1.7,1.6,18.2
102,Nicolas Claxton,C,21,BRK,31,1,18.5,2.8,4.5,0.624,0,0.2,0.2,2.8,4.4,0.64,0.628,1,2.1,0.484,1.3,3.9,5.2,0.9,0.7,1.2,0.5,2.1,6.7
103,Amir Coffey,SG,23,LAC,44,1,9,1,2.3,0.437,0.5,1.3,0.411,0.5,1.1,0.468,0.549,0.6,0.9,0.711,0.2,0.8,1,0.5,0.2,0,0.3,0.7,3.2
104,John Collins,PF,23,ATL,62,62,29.5,6.8,12.3,0.555,1.3,3.3,0.396,5.5,9,0.614,0.609,2.7,3.2,0.83,1.9,5.6,7.5,1.3,0.5,1,1.4,3.1,17.7
105,Mike Conley,PG,33,UTA,50,50,29.5,5.6,12.6,0.444,2.7,6.6,0.407,2.9,6,0.487,0.552,2.4,2.8,0.852,0.7,2.7,3.4,5.9,1.3,0.2,2,1.9,16.3
106,Pat Connaughton,SG,28,MIL,68,3,22.8,2.4,5.5,0.432,1.5,3.9,0.374,0.9,1.6,0.571,0.564,0.4,0.5,0.757,0.9,3.9,4.9,1.2,0.7,0.3,0.5,1.5,6.7
107,Quinn Cook,PG,27,TOT,23,0,6.8,1.3,3,0.426,0.5,1.1,0.423,0.8,1.8,0.429,0.507,0.3,0.3,0.875,0.1,0.7,0.7,0.8,0.2,0,0.3,0.4,3.3
107,Quinn Cook,PG,27,LAL,16,0,3.9,0.8,1.6,0.462,0.3,0.8,0.385,0.4,0.8,0.538,0.558,0.3,0.3,0.8,0,0.3,0.3,0.3,0.1,0.1,0.2,0.1,2.1
107,Quinn Cook,PG,27,CLE,7,0,13.6,2.4,6,0.405,0.9,1.9,0.462,1.6,4.1,0.379,0.476,0.4,0.4,1,0.3,1.4,1.7,1.9,0.4,0,0.6,1.1,6.1
108,Tyler Cook,SF-PF,23,TOT,31,1,13,2,3.1,0.663,0,0.1,0.5,2,3,0.667,0.668,0.5,1.1,0.486,0.8,1.9,2.8,0.5,0.3,0.1,0.7,1.1,4.6
108,Tyler Cook,PF,23,BRK,4,0,4.3,0.3,0.8,0.333,0,0,,0.3,0.8,0.333,0.333,0,0,,0.3,0.3,0.5,0.5,0,0,0.3,0.5,0.5
108,Tyler Cook,SF,23,DET,27,1,14.3,2.3,3.4,0.674,0,0.1,0.5,2.3,3.3,0.678,0.679,0.6,1.3,0.486,0.9,2.2,3.1,0.5,0.3,0.1,0.7,1.2,5.3
109,DeMarcus Cousins,C,30,TOT,41,11,17.4,3.2,7.4,0.426,1.1,3.3,0.348,2,4.1,0.488,0.503,1.4,2,0.728,1.3,5.1,6.4,1.9,0.8,0.6,1.6,2.6,8.9
109,DeMarcus Cousins,C,30,HOU,25,11,20.2,3.2,8.4,0.376,1.6,4.6,0.336,1.6,3.8,0.426,0.469,1.8,2.4,0.746,1.2,6.4,7.6,2.4,0.8,0.7,1.6,3,9.6
109,DeMarcus Cousins,C,30,LAC,16,0,12.9,3.2,5.9,0.537,0.5,1.2,0.421,2.7,4.8,0.566,0.579,0.9,1.4,0.682,1.4,3.1,4.5,1,0.8,0.4,1.6,2.1,7.8
110,Robert Covington,PF,30,POR,69,69,32.1,2.9,7.3,0.403,2,5.1,0.384,1,2.2,0.447,0.537,0.7,0.9,0.803,0.9,5.8,6.7,1.7,1.4,1.2,0.9,2.8,8.6
111,Torrey Craig,SF,30,TOT,49,8,15.8,2.1,4.4,0.481,0.8,2.1,0.373,1.3,2.3,0.579,0.569,0.3,0.4,0.773,1.1,2.8,3.9,0.9,0.6,0.5,0.5,1.6,5.4
111,Torrey Craig,SF,30,MIL,18,0,11.2,1,2.6,0.391,0.4,1.2,0.364,0.6,1.3,0.417,0.478,0.1,0.1,0.5,0.7,1.7,2.4,0.9,0.5,0.4,0.3,1.3,2.5
111,Torrey Craig,SF,30,PHO,31,8,18.5,2.8,5.5,0.506,1,2.6,0.375,1.8,2.9,0.622,0.594,0.5,0.6,0.8,1.4,3.4,4.8,0.9,0.6,0.6,0.6,1.7,7
112,Jae Crowder,PF,30,PHO,60,42,27.5,3.3,8.2,0.404,2.5,6.3,0.389,0.9,1.9,0.455,0.555,1,1.3,0.76,0.5,4.2,4.7,2.1,0.8,0.5,0.9,2.1,10.1
113,Jarrett Culver,SG,21,MIN,34,7,14.7,2,4.9,0.411,0.4,1.6,0.245,1.6,3.4,0.487,0.449,0.9,1.4,0.604,1,2.1,3.1,0.7,0.5,0.3,0.8,1.7,5.3
114,Seth Curry,SG,30,PHI,57,57,28.7,4.5,9.7,0.467,2.2,4.9,0.45,2.3,4.8,0.485,0.582,1.2,1.4,0.896,0.2,2.2,2.4,2.7,0.8,0.1,1.1,1.7,12.5
115,Stephen Curry,PG,32,GSW,62,62,34.1,10.4,21.4,0.483,5.3,12.6,0.421,5.1,8.9,0.571,0.606,5.8,6.3,0.918,0.5,5,5.5,5.7,1.2,0.1,3.3,1.9,31.8
116,Nate Darling,SG,22,CHO,7,0,3.7,0.3,1,0.286,0.3,1,0.286,0,0,,0.429,0.4,0.4,1,0.1,0,0.1,0.1,0,0.1,0.1,0.1,1.3
117,Anthony Davis,PF,27,LAL,35,35,32.3,8.5,17.2,0.493,0.7,2.8,0.268,7.7,14.4,0.536,0.514,4.4,5.9,0.74,1.8,6.3,8,3.1,1.3,1.7,2.1,1.7,22.1
118,Ed Davis,C,31,MIN,23,7,13,0.8,1.9,0.432,0,0,,0.8,1.9,0.432,0.432,0.4,0.5,0.833,2,3,5,0.9,0.6,0.6,0.3,2.4,2.1
119,Terence Davis,SG,23,TOT,60,4,17.4,3.1,7.4,0.423,1.6,4.4,0.366,1.5,3,0.506,0.532,0.7,0.9,0.811,0.3,2.2,2.5,1.4,0.7,0.2,1,1.6,8.6
119,Terence Davis,SG,23,TOR,34,4,14.5,2.6,6.2,0.414,1.3,3.6,0.361,1.3,2.6,0.489,0.519,0.5,0.5,0.889,0.3,1.7,1.9,1.1,0.5,0.2,0.9,1.4,6.9
119,Terence Davis,SG,23,SAC,26,0,21.1,3.8,8.9,0.431,2,5.4,0.371,1.8,3.5,0.522,0.543,1,1.3,0.771,0.4,2.9,3.3,1.7,1,0.3,1.2,1.8,10.7
120,Gabriel Deck,PF,25,OKC,9,0,21.4,3.2,7,0.46,0.2,1.6,0.143,3,5.4,0.551,0.476,2,2.4,0.818,1.8,2.6,4.3,2.3,0.9,0,0.6,0.9,8.7
121,Dewayne Dedmon,C,31,MIA,16,0,13.1,2.9,4.1,0.708,0.1,0.3,0.2,2.8,3.8,0.75,0.715,1.3,1.7,0.741,1.8,3.6,5.4,0.8,0.6,0.4,0.8,2.3,7.1
122,Matthew Dellavedova,PG,30,CLE,13,1,17.2,1.1,4.3,0.25,0.3,1.9,0.16,0.8,2.4,0.323,0.286,0.3,0.3,1,0.5,1.4,1.8,4.5,0.3,0.1,0.5,1.6,2.8
123,DeMar DeRozan,PF,31,SAS,60,60,33.9,7.5,15.1,0.493,0.3,1.2,0.247,7.2,13.9,0.515,0.503,6.4,7.2,0.88,0.7,3.6,4.3,7,0.9,0.3,2,2.1,21.6
124,Mamadi Diakite,PF,24,MIL,13,0,7.9,0.9,2.2,0.414,0.1,0.5,0.143,0.8,1.7,0.5,0.431,0.5,0.5,1,0.5,1.6,2.1,0.5,0.3,0.4,0.2,0.9,2.4
125,Hamidou Diallo,SG-SF,22,TOT,51,8,23.5,4.3,9.1,0.476,0.5,1.5,0.342,3.8,7.5,0.504,0.505,2.4,3.7,0.639,1.1,4.1,5.2,1.9,0.8,0.5,1.4,2.5,11.5
125,Hamidou Diallo,SG,22,OKC,32,5,23.8,4.5,9.3,0.481,0.4,1.3,0.293,4.1,8,0.512,0.502,2.6,4.1,0.629,1.2,4,5.2,2.4,1,0.4,1.5,2.6,11.9
125,Hamidou Diallo,SF,22,DET,19,3,22.9,4.1,8.7,0.467,0.8,2,0.395,3.3,6.7,0.488,0.512,2.1,3.1,0.661,1.1,4.3,5.4,1.2,0.5,0.6,1.2,2.5,10.9
126,Gorgui Dieng,C,31,TOT,37,1,14.7,2.2,4.3,0.519,0.8,1.8,0.426,1.4,2.4,0.589,0.611,1.6,1.8,0.866,1.1,2.6,3.7,1.2,0.7,0.4,0.9,1.5,6.8
126,Gorgui Dieng,C,31,MEM,22,1,16.9,2.5,4.9,0.519,1,2.2,0.479,1.5,2.7,0.55,0.625,1.7,2,0.884,1.3,3.2,4.5,1.3,0.8,0.6,1,1.7,7.9
126,Gorgui Dieng,C,31,SAS,15,0,11.5,1.7,3.3,0.52,0.4,1.3,0.3,1.3,2,0.667,0.58,1.3,1.6,0.833,0.7,1.9,2.6,1.1,0.6,0.1,0.7,1.1,5.2
127,Spencer Dinwiddie,SG,27,BRK,3,3,21.3,2,5.3,0.375,0.7,2.3,0.286,1.3,3,0.444,0.438,2,2,1,0,4.3,4.3,3,0.7,0.3,1.7,1.3,6.7
128,Donte DiVincenzo,SG,24,MIL,66,66,27.5,3.8,9.1,0.42,2,5.2,0.379,1.8,3.9,0.475,0.528,0.8,1.1,0.718,1.2,4.5,5.8,3.1,1.1,0.2,1.4,1.7,10.4
129,Luka Don?i?,PG,21,DAL,65,65,34.5,9.9,20.6,0.479,2.9,8.3,0.351,6.9,12.3,0.566,0.55,5.2,7.2,0.73,0.8,7.2,8,8.6,1,0.6,4.3,2.3,27.9
130,Luguentz Dort,SG,21,OKC,52,52,29.7,4.8,12.3,0.387,2.2,6.3,0.343,2.6,6,0.432,0.475,2.3,3.2,0.744,0.7,2.9,3.6,1.7,0.9,0.4,1.5,2.6,14
131,Damyean Dotson,SG,26,CLE,45,7,19.5,2.5,6.3,0.394,1,3.4,0.279,1.5,2.9,0.531,0.47,0.5,0.8,0.667,0.1,1.9,2,2,0.4,0.1,0.8,0.9,6.5
132,Devon Dotson,PG,21,CHI,10,0,2.9,0.6,1.1,0.545,0,0.2,0,0.6,0.9,0.667,0.545,0,0,,0.2,0.1,0.3,0.3,0.3,0,0,0.1,1.2
133,Sekou Doumbouya,PF,20,DET,56,11,15.5,1.9,5,0.379,0.5,2.1,0.226,1.4,3,0.485,0.426,0.8,1.1,0.703,0.7,1.9,2.6,0.8,0.4,0.2,0.8,1.7,5.1
134,PJ Dozier,SG,24,DEN,50,6,21.8,3,7.1,0.417,0.9,3,0.315,2,4.1,0.49,0.483,0.8,1.3,0.636,0.7,2.9,3.6,1.8,0.6,0.4,0.9,1.7,7.7
135,Goran Dragi?,PG,34,MIA,50,11,26.7,4.8,11.1,0.432,1.8,4.9,0.373,3,6.2,0.479,0.514,2,2.4,0.828,0.5,2.9,3.4,4.4,0.7,0.2,2.4,2.3,13.4
136,Andre Drummond,C,27,TOT,45,45,27.1,6.1,12.5,0.492,0,0.2,0,6.1,12.3,0.499,0.492,2.7,4.5,0.604,3.6,8.4,12,2.1,1.4,1,2.7,3.2,15
136,Andre Drummond,C,27,CLE,25,25,28.9,7.2,15.2,0.474,0,0.3,0,7.2,14.9,0.484,0.474,3.1,5.2,0.597,4,9.4,13.5,2.6,1.6,1.2,3.2,2.8,17.5
136,Andre Drummond,C,27,LAL,20,20,25,4.8,9.1,0.53,0,0,,4.8,9.1,0.53,0.53,2.3,3.7,0.616,3,7.1,10.1,1.5,1.1,0.9,2.1,3.8,11.9
137,Jared Dudley,PF,35,LAL,11,0,6.9,0.2,0.6,0.286,0.2,0.5,0.4,0,0.2,0,0.429,0,0,,0.4,1.4,1.7,0.5,0.1,0.1,0.2,0.6,0.5
138,Kris Dunn,PG,26,ATL,4,0,11.3,0.3,3,0.083,0,0.5,0,0.3,2.5,0.1,0.083,0.8,1,0.75,0,1.5,1.5,0.5,0.5,0.5,0.8,2.5,1.3
139,Kevin Durant,PF,32,BRK,34,31,33.2,9.3,17.4,0.533,2.5,5.5,0.449,6.8,11.9,0.571,0.604,6,6.8,0.879,0.4,6.6,7,5.4,0.7,1.3,3.5,2,27.1
140,Anthony Edwards,SG,19,MIN,71,54,32.1,7,16.8,0.416,2.3,7.2,0.325,4.6,9.6,0.485,0.486,2.9,3.8,0.772,0.8,3.9,4.7,2.9,1.2,0.5,2.2,1.8,19.2
141,Carsen Edwards,SG,22,BOS,30,1,8.3,1.4,3.3,0.439,0.5,1.8,0.291,0.9,1.4,0.628,0.52,0.4,0.4,0.846,0.1,0.7,0.8,0.5,0.2,0,0.2,0.8,3.8
142,CJ Elleby,SF,20,POR,29,0,6.4,0.8,2.2,0.381,0.2,1.1,0.219,0.6,1.1,0.548,0.437,0.4,0.5,0.733,0.4,0.7,1.1,0.3,0.2,0.1,0.2,0.9,2.3
143,Henry Ellenson,PF,24,TOR,2,0,19,2.5,7,0.357,1,4.5,0.222,1.5,2.5,0.6,0.429,1.5,2,0.75,1.5,4.5,6,2.5,0,0,0,3.5,7.5
144,Wayne Ellington,SG,33,DET,46,31,22,3.2,7.3,0.441,2.5,6,0.422,0.7,1.4,0.524,0.612,0.6,0.8,0.8,0.3,1.6,1.8,1.5,0.4,0.2,0.7,1.3,9.6
145,Joel Embiid,C,26,PHI,51,51,31.1,9,17.6,0.513,1.1,3,0.377,7.9,14.6,0.541,0.545,9.2,10.7,0.859,2.2,8.4,10.6,2.8,1,1.4,3.1,2.4,28.5
146,James Ennis,SF,30,ORL,41,37,24,2.8,5.9,0.473,1.1,2.5,0.433,1.7,3.4,0.504,0.566,1.7,2.1,0.805,1,3,4,1.5,0.8,0.2,0.9,2,8.4
147,Drew Eubanks,C,23,SAS,53,3,14.1,2.2,3.8,0.567,0,0,1,2.1,3.8,0.563,0.572,1.5,2,0.726,1.4,3.1,4.5,0.8,0.3,0.9,0.8,1.7,5.8
148,Dante Exum,SG,25,CLE,6,3,19.3,1.7,4.3,0.385,0.3,1.8,0.182,1.3,2.5,0.533,0.423,0.2,0.3,0.5,0.3,2.5,2.8,2.2,0.7,0.3,1.2,1.5,3.8
149,Tacko Fall,C,25,BOS,18,0,6.6,1.1,1.5,0.741,0,0,,1.1,1.5,0.741,0.741,0.2,0.7,0.308,0.7,1.8,2.4,0.2,0.1,0.9,0.3,1.1,2.4
150,Derrick Favors,C,29,UTA,67,0,15.3,2.2,3.5,0.633,0,0,0,2.2,3.5,0.638,0.633,0.9,1.2,0.738,2,3.4,5.5,0.7,0.5,1,0.5,2.1,5.4
151,Cristiano Fel?cio,C,28,CHI,17,0,3.9,0.3,0.5,0.625,0,0.1,0,0.3,0.4,0.714,0.625,0.5,0.8,0.571,0.4,0.6,1.1,0.5,0.2,0,0.2,0.5,1.1
152,Terrance Ferguson,SG,22,PHI,13,0,3.8,0.1,0.5,0.143,0,0.4,0,0.1,0.2,0.5,0.143,0,0,,0,0.1,0.1,0.2,0.1,0,0.3,0.5,0.2
153,Bruno Fernando,C,22,ATL,32,0,6.4,0.4,1.1,0.412,0,0.1,0,0.4,1,0.438,0.412,0.4,0.6,0.65,0.5,1.7,2.2,0.3,0.1,0.1,0.7,0.7,1.3
154,Yogi Ferrell,PG,27,TOT,9,0,12.2,1.7,5,0.333,0.8,2.4,0.318,0.9,2.6,0.348,0.411,0.6,0.8,0.714,0.3,1,1.3,2.2,0.7,0.3,0.3,0.9,4.7
154,Yogi Ferrell,PG,27,CLE,2,0,20,4,10.5,0.381,1.5,4.5,0.333,2.5,6,0.417,0.452,0,1,0,1.5,2,3.5,2.5,1.5,0.5,1.5,2,9.5
154,Yogi Ferrell,PG,27,LAC,7,0,10,1,3.4,0.292,0.6,1.9,0.308,0.4,1.6,0.273,0.375,0.7,0.7,1,0,0.7,0.7,2.1,0.4,0.3,0,0.6,3.3
155,Dorian Finney-Smith,PF,27,DAL,59,59,32.1,3.6,7.7,0.468,2,5,0.391,1.7,2.7,0.613,0.595,0.5,0.7,0.756,1.6,3.8,5.5,1.7,0.9,0.4,0.8,2.3,9.7
156,Malik Fitts,PF,23,LAC,3,0,3.7,0.3,1,0.333,0.3,0.7,0.5,0,0.3,0,0.5,0,0,,0,1,1,0,0,0,0,1,1
157,Malachi Flynn,PG,22,TOR,46,13,19.2,2.6,6.9,0.374,1.1,3.4,0.316,1.5,3.5,0.429,0.451,0.8,1.1,0.78,0.2,2.2,2.4,2.9,0.8,0.1,0.9,1.4,7.1
158,Bryn Forbes,SG,27,MIL,70,10,19.3,3.6,7.6,0.473,2.2,4.9,0.452,1.4,2.7,0.511,0.618,0.7,0.9,0.77,0.2,1.4,1.6,0.6,0.3,0,0.6,1.1,10
159,Trent Forrest,PG,22,UTA,29,0,10.2,1.1,2.4,0.457,0.2,0.9,0.192,0.9,1.5,0.614,0.493,0.7,0.7,1,0.3,1.1,1.4,1.6,0.3,0.1,0.7,0.8,3
160,Evan Fournier,SF-SG,28,TOT,42,36,30,5.9,12.9,0.457,2.8,6.7,0.413,3.1,6.1,0.504,0.565,2.6,3.3,0.788,0.2,2.8,3,3.4,1.1,0.5,1.7,2.3,17.1
160,Evan Fournier,SF,28,ORL,26,26,30.3,6.5,14.2,0.461,2.8,7.2,0.388,3.7,7,0.536,0.56,3.8,4.7,0.797,0.2,2.7,2.9,3.7,1,0.3,2.1,2.1,19.7
160,Evan Fournier,SG,28,BOS,16,10,29.5,4.8,10.8,0.448,2.8,5.9,0.463,2.1,4.8,0.429,0.576,0.6,0.9,0.714,0.3,3,3.3,3.1,1.3,0.6,1.2,2.6,13
161,De'Aaron Fox,PG,23,SAC,58,58,35.1,9.1,19.1,0.477,1.8,5.5,0.322,7.3,13.6,0.539,0.523,5.2,7.2,0.719,0.6,2.9,3.5,7.2,1.5,0.5,3,2.9,25.2
162,Robert Franks,PF,24,ORL,7,0,14.4,1.9,4,0.464,0.7,2.1,0.333,1.1,1.9,0.615,0.554,1.7,1.9,0.923,0.9,1.1,2,0.7,0.4,0.4,0.3,1.1,6.1
163,Tim Frazier,PG,30,MEM,5,0,12.4,0.6,4,0.15,0,1.6,0,0.6,2.4,0.25,0.15,0.4,1.2,0.333,0,1.6,1.6,3.2,0.4,0.2,0.8,1.4,1.6
164,Markelle Fultz,PG,22,ORL,8,8,26.9,5.1,13,0.394,0.5,2,0.25,4.6,11,0.42,0.413,2.1,2.4,0.895,0.6,2.5,3.1,5.4,1,0.3,2.3,2.3,12.9
165,Wenyen Gabriel,PF,23,NOP,20,0,11.1,1.2,2.8,0.411,0.7,1.5,0.433,0.5,1.3,0.385,0.527,0.5,0.8,0.6,1,1.5,2.5,0.6,0.5,0.4,0.8,1.3,3.4
166,Daniel Gafford,PF-C,22,TOT,53,11,14.6,2.8,4.1,0.689,0,0,,2.8,4.1,0.689,0.689,1.3,2,0.66,1.8,2.5,4.3,0.5,0.5,1.4,0.7,1.8,7
166,Daniel Gafford,PF,22,CHI,31,11,12.4,1.9,2.8,0.69,0,0,,1.9,2.8,0.69,0.69,0.9,1.3,0.659,1.4,1.9,3.3,0.5,0.4,1.1,0.7,1.7,4.7
166,Daniel Gafford,C,22,WAS,22,0,17.8,4.1,6,0.689,0,0,,4.1,6,0.689,0.689,2,3,0.662,2.2,3.4,5.6,0.5,0.7,1.8,0.7,1.8,10.2
167,Danilo Gallinari,PF,32,ATL,51,4,24,4,9.3,0.434,2,5,0.406,2,4.3,0.466,0.542,3.2,3.4,0.925,0.3,3.8,4.1,1.5,0.6,0.2,0.8,2.1,13.3
168,Langston Galloway,SG,29,PHO,39,0,10.5,1.6,3.5,0.459,0.9,2,0.442,0.7,1.5,0.483,0.585,0.6,0.6,0.957,0.2,0.9,1.1,0.6,0.2,0,0.3,0.6,4.6
169,Darius Garland,PG,21,CLE,54,50,33.1,6.7,14.9,0.451,1.9,4.9,0.395,4.8,9.9,0.479,0.517,2.1,2.4,0.848,0.4,2,2.4,6.1,1.2,0.1,3,2,17.4
170,Marc Gasol,C,36,LAL,51,42,18.9,1.7,3.7,0.458,1,2.3,0.412,0.7,1.4,0.535,0.587,0.7,1,0.72,0.7,3.4,4.1,2.1,0.5,1.1,1,2.2,5.1
171,Rudy Gay,PF,34,SAS,62,1,21.6,4.2,10,0.42,1.7,4.4,0.381,2.5,5.6,0.451,0.504,1.3,1.6,0.8,0.7,4.1,4.8,1.4,0.7,0.6,1,1.9,11.4
172,Paul George,SF,30,LAC,54,54,33.7,8.2,17.6,0.467,3.2,7.7,0.411,5.1,9.9,0.51,0.557,3.7,4.2,0.868,0.8,5.8,6.6,5.2,1.1,0.4,3.3,2.4,23.3
173,Taj Gibson,PF,35,NYK,44,3,20.9,2.2,3.5,0.63,0.1,0.3,0.2,2.1,3.2,0.676,0.64,0.9,1.3,0.727,2.2,3.4,5.6,0.8,0.7,1.1,0.5,2.2,5.4
174,Harry Giles,C,22,POR,37,0,9.3,1.1,2.5,0.436,0.2,0.6,0.364,0.9,1.9,0.458,0.479,0.4,0.7,0.593,0.8,2.7,3.5,0.8,0.2,0.3,0.5,1.5,2.9
175,Shai Gilgeous-Alexander,SG,22,OKC,35,35,33.7,8.2,16.1,0.508,2,4.9,0.418,6.2,11.3,0.547,0.571,5.3,6.5,0.808,0.5,4.2,4.7,5.9,0.8,0.7,3,2,23.7
176,Anthony Gill,PF,28,WAS,25,4,8.4,1.2,2.4,0.5,0.3,1,0.292,0.9,1.4,0.639,0.558,0.5,0.6,0.813,0.6,1.3,2,0.4,0.4,0.2,0.3,1.1,3.2
177,Freddie Gillespie,PF,23,TOR,19,1,18.5,2.2,3.9,0.547,0,0,,2.2,3.9,0.547,0.547,1.2,1.5,0.759,1.9,2.6,4.6,0.4,0.7,1,0.6,2.2,5.5
178,Rudy Gobert,C,28,UTA,70,70,30.8,5.5,8.2,0.674,0,0,0,5.5,8.1,0.678,0.674,3.3,5.3,0.627,3.4,10.1,13.5,1.3,0.6,2.7,1.7,2.3,14.3
179,Brandon Goodwin,PG,25,ATL,47,5,13.2,1.8,4.7,0.377,0.7,2.2,0.311,1.1,2.6,0.433,0.448,0.6,0.9,0.651,0.2,1.3,1.5,2,0.4,0,0.8,0.9,4.9
180,Aaron Gordon,PF,25,TOT,49,49,28,4.7,10.1,0.465,1.2,3.6,0.339,3.5,6.6,0.533,0.524,2,3,0.651,1.6,4.2,5.8,3.3,0.7,0.7,2,1.8,12.6
180,Aaron Gordon,PF,25,ORL,25,25,29.4,5.1,11.7,0.437,1.7,4.5,0.375,3.4,7.2,0.475,0.509,2.6,4.2,0.629,1.6,5.1,6.6,4.2,0.6,0.8,2.7,2,14.6
180,Aaron Gordon,PF,25,DEN,24,24,26.5,4.3,8.4,0.505,0.7,2.6,0.274,3.5,5.8,0.607,0.547,1.3,1.8,0.705,1.5,3.3,4.8,2.3,0.7,0.6,1.3,1.6,10.5
181,Eric Gordon,SG,32,HOU,27,13,29.2,5.9,13.6,0.433,2.6,7.8,0.329,3.3,5.8,0.573,0.527,3.5,4.2,0.825,0.3,1.9,2.1,2.6,0.5,0.5,1.9,1.6,17.8
182,Devonte' Graham,PG,25,CHO,54,44,30.1,4.6,12.2,0.376,3.3,8.7,0.375,1.3,3.5,0.379,0.51,2.4,2.9,0.838,0.4,2.3,2.7,5.4,0.9,0.1,1.5,1.4,14.8
183,Jerami Grant,SF,26,DET,54,54,33.9,7.4,17.3,0.429,2.1,6.1,0.35,5.3,11.2,0.473,0.491,5.4,6.4,0.845,0.6,4,4.6,2.8,0.6,1.1,2,2.3,22.3
184,Danny Green,SF,33,PHI,69,69,28,3.2,7.9,0.412,2.5,6.3,0.405,0.7,1.6,0.438,0.573,0.4,0.6,0.775,0.8,3,3.8,1.7,1.3,0.8,1,1.8,9.5
185,Draymond Green,PF,30,GSW,62,62,31.4,2.7,6,0.445,0.5,2,0.274,2.1,4,0.53,0.491,1,1.3,0.78,0.9,6.2,7.1,8.9,1.7,0.8,3,3.1,6.9
186,JaMychal Green,PF,30,DEN,57,5,19.3,3,6.5,0.458,1.3,3.4,0.392,1.6,3.1,0.531,0.561,0.8,1,0.807,1.5,3.4,4.8,0.9,0.5,0.4,0.9,2.5,8.1
187,Javonte Green,SG-PG,27,TOT,40,2,11.3,1.3,2.4,0.515,0.3,0.7,0.345,1,1.7,0.588,0.567,0.8,1,0.75,0.7,1.1,1.7,0.4,0.6,0.1,0.5,1.1,3.5
187,Javonte Green,SG,27,BOS,25,2,13.8,1.6,2.8,0.549,0.3,0.9,0.318,1.3,2,0.653,0.599,0.8,1.2,0.667,0.8,1.3,2.1,0.4,0.7,0.1,0.5,1.3,4.2
187,Javonte Green,PG,27,CHI,15,0,7,0.7,1.7,0.423,0.2,0.5,0.429,0.5,1.3,0.421,0.481,0.7,0.7,1,0.4,0.7,1.1,0.3,0.4,0.2,0.4,0.7,2.3
188,Jeff Green,C,34,BRK,67,38,27.1,3.8,7.8,0.49,1.5,3.7,0.407,2.3,4.1,0.565,0.586,1.8,2.4,0.774,0.5,3.4,3.9,1.6,0.5,0.4,0.8,1.8,11
189,Josh Green,SG,20,DAL,38,5,11.3,1,2.2,0.447,0.1,0.6,0.174,0.9,1.6,0.548,0.471,0.3,0.6,0.591,0.7,1.3,2,0.7,0.4,0.1,0.4,0.9,2.4
190,Blake Griffin,PF,31,TOT,45,29,25.9,3.8,9,0.422,1.6,4.5,0.345,2.2,4.4,0.5,0.509,1.9,2.6,0.748,0.8,4.2,5,3.1,0.7,0.3,1.3,2.4,11
190,Blake Griffin,PF,31,DET,20,20,31.3,4.1,11.1,0.365,2,6.2,0.315,2.1,4.9,0.429,0.453,2.2,3.1,0.71,0.4,4.9,5.2,3.9,0.7,0.1,1.6,2.1,12.3
190,Blake Griffin,PF,31,BRK,25,9,21.5,3.6,7.2,0.492,1.2,3.2,0.392,2.3,4.1,0.569,0.577,1.7,2.1,0.792,1.1,3.7,4.8,2.4,0.7,0.5,1.1,2.7,10
191,Kyle Guy,PG,23,SAC,30,0,7.2,0.9,2.7,0.338,0.4,1.4,0.256,0.5,1.2,0.432,0.406,0.5,0.6,0.889,0.2,0.8,1,0.9,0.1,0,0.3,0.6,2.7
192,Rui Hachimura,PF,22,WAS,56,56,31.5,5.4,11.4,0.476,0.8,2.4,0.321,4.6,9,0.518,0.51,2.2,2.9,0.77,0.9,4.6,5.5,1.5,0.8,0.1,1.2,2.1,13.8
193,Ashton Hagans,PG,21,MIN,2,0,2,0,0,,0,0,,0,0,,,0,0,,0,0,0,0,0,0,0.5,0,0
194,Tyrese Haliburton,PG,20,SAC,58,20,30.1,5,10.7,0.472,2.1,5.1,0.409,2.9,5.6,0.529,0.569,0.8,1,0.857,0.7,2.3,3,5.3,1.3,0.5,1.6,1.4,13
195,Donta Hall,PF,23,ORL,12,0,12.8,1.8,2.4,0.724,0,0,,1.8,2.4,0.724,0.724,1.4,2.2,0.654,1.8,2.6,4.3,0.8,0.4,0.7,0.5,1.2,4.9
196,Josh Hall,SF,20,OKC,20,0,14.7,1,3.9,0.244,0.2,1.6,0.097,0.8,2.4,0.34,0.263,1,1.9,0.526,0.3,2.2,2.5,1.3,0.2,0.1,1.1,1.6,3.1
197,R.J. Hampton,SG-PG,19,TOT,51,1,17.4,2.7,6.1,0.435,0.5,1.7,0.31,2.1,4.4,0.482,0.478,1.1,1.6,0.671,0.6,2.9,3.5,1.7,0.4,0.2,1,1.2,6.9
197,R.J. Hampton,PG,19,DEN,25,0,9.3,1,2.4,0.417,0.2,0.7,0.278,0.8,1.7,0.476,0.458,0.4,0.5,0.75,0.4,1.6,2,0.6,0.2,0.1,0.4,0.9,2.6
197,R.J. Hampton,SG,19,ORL,26,1,25.2,4.3,9.7,0.439,0.8,2.7,0.319,3.4,7.1,0.484,0.482,1.8,2.7,0.657,0.7,4.2,5,2.8,0.6,0.3,1.6,1.5,11.2
198,Tim Hardaway Jr.,SG,28,DAL,69,30,28.4,5.8,13.1,0.445,3,7.6,0.39,2.9,5.5,0.521,0.558,2,2.5,0.813,0.3,3,3.3,1.8,0.4,0.1,0.9,1.6,16.6
199,James Harden,PG-SG,31,TOT,44,43,36.6,7.8,16.7,0.466,2.8,7.6,0.362,5,9.1,0.553,0.548,6.3,7.3,0.861,0.8,7.1,7.9,10.8,1.2,0.8,4,2.3,24.6
199,James Harden,SG,31,HOU,8,8,36.3,7.5,16.9,0.444,3.1,9,0.347,4.4,7.9,0.556,0.537,6.6,7.5,0.883,0.6,4.5,5.1,10.4,0.9,0.8,4.3,1.8,24.8
199,James Harden,PG,31,BRK,36,35,36.6,7.8,16.6,0.471,2.7,7.3,0.366,5.2,9.4,0.552,0.551,6.3,7.3,0.856,0.8,7.7,8.5,10.9,1.3,0.8,4,2.4,24.6
200,Maurice Harkless,PF-SF,27,TOT,37,23,20.9,1.9,4.5,0.418,0.6,2.3,0.274,1.2,2.2,0.568,0.488,0.9,1.2,0.767,0.4,2.1,2.4,1.2,0.8,0.5,0.6,2.3,5.2
200,Maurice Harkless,SF,27,MIA,11,3,11.3,0.5,1.2,0.385,0.5,1,0.455,0,0.2,0,0.577,0,0.2,0,0.2,1,1.2,0.6,0.2,0.4,0.3,1.3,1.4
200,Maurice Harkless,PF,27,SAC,26,20,24.9,2.5,5.8,0.421,0.7,2.8,0.247,1.8,3,0.582,0.48,1.3,1.6,0.805,0.4,2.5,2.9,1.4,1.1,0.6,0.7,2.8,6.9
201,Jared Harper,PG,23,NYK,8,0,2,0,0.5,0,0,0.1,0,0,0.4,0,0,0.4,0.5,0.75,0,0.3,0.3,0.1,0,0,0.4,0.1,0.4
202,Montrezl Harrell,C,27,LAL,69,1,22.9,5.4,8.7,0.622,0,0.1,0,5.4,8.6,0.632,0.622,2.6,3.7,0.707,2.3,3.9,6.2,1.1,0.7,0.7,1.1,1.9,13.5
203,Gary Harris,SG,26,TOT,38,37,28.1,3.6,8.9,0.397,1.3,3.7,0.345,2.3,5.3,0.433,0.468,1.7,2,0.818,0.6,1.5,2.1,2,0.7,0.3,0.9,1.8,10
203,Gary Harris,SG,26,DEN,19,19,30.6,3.6,8.2,0.442,1.3,3.9,0.32,2.4,4.3,0.556,0.519,1.2,1.6,0.733,0.7,1.8,2.5,1.7,0.9,0.2,0.7,1.9,9.7
203,Gary Harris,SG,26,ORL,19,18,25.5,3.5,9.7,0.359,1.3,3.4,0.375,2.2,6.3,0.35,0.424,2.2,2.5,0.872,0.4,1.3,1.7,2.3,0.6,0.4,1.2,1.7,10.4
204,Jalen Harris,SG,22,TOR,13,2,13.2,2.8,5.5,0.5,1.3,2.8,0.472,1.5,2.8,0.528,0.618,0.5,0.7,0.778,0.2,1.2,1.4,1.3,0.6,0,1.1,1.2,7.4
205,Joe Harris,SF,29,BRK,69,65,31,5.2,10.2,0.505,3.1,6.4,0.475,2.1,3.8,0.555,0.654,0.7,0.9,0.778,0.6,3,3.6,1.9,0.7,0.2,0.9,2,14.1
206,Tobias Harris,PF,28,PHI,62,62,32.5,7.6,14.9,0.512,1.3,3.4,0.394,6.3,11.5,0.546,0.556,2.9,3.3,0.892,1,5.8,6.8,3.5,0.9,0.8,1.7,1.9,19.5
207,Shaquille Harrison,SG,27,TOT,33,0,9.4,0.8,2.2,0.338,0.1,0.5,0.2,0.7,1.8,0.373,0.358,0.5,0.7,0.818,0.2,1.2,1.5,0.7,0.5,0.2,0.3,0.9,2.2
207,Shaquille Harrison,SG,27,UTA,17,0,3.3,0.4,1.2,0.3,0,0.1,0,0.4,1.1,0.333,0.3,0.3,0.4,0.833,0.2,0.4,0.5,0.5,0.1,0,0.3,0.2,1
207,Shaquille Harrison,SG,27,DEN,16,0,15.9,1.2,3.4,0.352,0.2,0.8,0.231,1,2.6,0.39,0.38,0.8,1,0.813,0.3,2.2,2.4,0.9,0.9,0.3,0.4,1.8,3.4
208,Josh Hart,SF,25,NOP,47,4,28.7,3.2,7.3,0.439,1.3,4.1,0.326,1.9,3.2,0.583,0.531,1.5,1.9,0.775,1.1,6.9,8,2.3,0.8,0.3,1,2.4,9.2
209,Isaiah Hartenstein,C,22,TOT,46,2,12.2,2,3.7,0.55,0,0.1,0.333,2,3.6,0.558,0.556,1,1.5,0.648,1.4,2.5,3.9,1.2,0.4,0.8,1,2.3,5.1
209,Isaiah Hartenstein,C,22,DEN,30,0,9.1,1.4,2.7,0.513,0,0,,1.4,2.7,0.513,0.513,0.7,1.2,0.611,1.3,1.5,2.8,0.5,0.4,0.7,0.7,2,3.5
209,Isaiah Hartenstein,C,22,CLE,16,2,17.9,3.3,5.7,0.582,0.1,0.4,0.333,3.2,5.3,0.6,0.593,1.5,2.2,0.686,1.6,4.4,6,2.5,0.5,1.2,1.4,2.8,8.3
210,Udonis Haslem,C,40,MIA,1,0,3,2,2,1,0,0,,2,2,1,1,0,0,,0,1,1,0,0,0,0,0,4
211,Jaxson Hayes,C,20,NOP,59,3,16,2.9,4.6,0.626,0.1,0.2,0.429,2.8,4.4,0.637,0.637,1.5,2,0.771,1.5,2.7,4.2,0.5,0.4,0.6,0.7,1.7,7.4
212,Killian Hayes,PG,19,DET,25,17,25.6,2.7,7.8,0.351,0.7,2.7,0.269,2,5.1,0.394,0.397,0.5,0.6,0.8,0.2,2.5,2.8,5.4,1,0.4,3.2,2.1,6.6
213,Gordon Hayward,SF,30,CHO,44,44,34,7.1,15,0.473,1.9,4.7,0.415,5.1,10.3,0.499,0.537,3.5,4.2,0.843,0.8,5,5.9,4.1,1.2,0.3,2.1,1.7,19.6
214,Juan Hernang?mez,PF,25,MIN,51,6,17.4,2.5,5.8,0.434,1.1,3.3,0.329,1.5,2.5,0.569,0.527,1.2,1.9,0.619,0.9,3.1,4,0.6,0.4,0.1,0.5,1,7.3
215,Willy Hernang?mez,C,26,NOP,46,11,17.8,3.1,5.6,0.556,0,0.2,0.1,3.1,5.4,0.575,0.558,1.3,1.9,0.67,2.5,4.5,7,1.1,0.5,0.5,0.7,1.4,7.5
216,Tyler Herro,SG,21,MIA,53,14,30.2,5.7,12.9,0.437,2,5.5,0.363,3.7,7.4,0.492,0.515,1.8,2.2,0.809,0.5,4.5,4.9,3.3,0.7,0.3,1.9,1.3,15.1
217,Buddy Hield,SG,28,SAC,70,70,34.3,5.7,14,0.406,4,10.2,0.394,1.7,3.8,0.44,0.549,1.2,1.4,0.851,0.4,4.3,4.7,3.5,0.9,0.4,1.8,2.5,16.6
218,George Hill,PG,34,TOT,29,16,22.4,3.1,6.6,0.471,1,2.6,0.368,2.1,4,0.539,0.545,1.3,1.7,0.796,0.6,1.5,2.1,2.4,0.8,0.2,1.1,1.1,8.5
218,George Hill,PG,34,OKC,14,14,26.4,4.4,8.6,0.508,1.6,4.1,0.386,2.8,4.5,0.619,0.6,1.5,1.8,0.84,0.6,1.5,2.1,3.1,0.9,0.1,0.9,0.9,11.8
218,George Hill,PG,34,PHI,15,2,18.7,1.9,4.7,0.408,0.4,1.3,0.316,1.5,3.5,0.442,0.451,1.2,1.6,0.75,0.5,1.5,2.1,1.7,0.7,0.2,1.3,1.3,5.5
219,Solomon Hill,PF,29,ATL,70,15,21.1,1.5,4.2,0.361,0.9,2.9,0.32,0.6,1.2,0.459,0.474,0.5,0.7,0.761,0.6,2.4,3,1,0.7,0.2,0.6,1.6,4.4
220,Nate Hinton,SG,21,DAL,20,0,4.5,0.8,2,0.375,0.2,0.9,0.222,0.6,1.1,0.5,0.425,0.4,0.5,0.7,0.1,0.4,0.5,0.4,0.4,0.1,0.3,0.4,2.1
221,Jaylen Hoard,SF,21,OKC,18,0,16.1,2.3,4.6,0.506,0,0.5,0,2.3,4.1,0.568,0.506,1.5,2.2,0.692,1.1,2.4,3.5,1.2,0.7,0.2,0.8,1,6.2
222,Aaron Holiday,PG,24,IND,66,8,17.8,2.6,6.6,0.39,1,2.8,0.368,1.6,3.8,0.406,0.467,1,1.3,0.819,0.2,1.1,1.3,1.9,0.7,0.2,1,1.4,7.2
223,Jrue Holiday,PG,30,MIL,59,56,32.3,7,13.9,0.503,1.9,4.8,0.392,5.1,9.2,0.561,0.57,1.8,2.3,0.787,1.2,3.3,4.5,6.1,1.6,0.6,2.2,1.7,17.7
224,Justin Holiday,SG,31,IND,71,51,30.3,3.6,8.7,0.416,2.4,6.3,0.385,1.2,2.4,0.497,0.555,0.9,1.2,0.793,0.4,3.1,3.6,1.7,1,0.6,0.7,1.9,10.5
225,Rondae Hollis-Jefferson,PF,26,POR,11,1,9.7,0.8,1.6,0.5,0,0.1,0,0.8,1.5,0.529,0.5,0.8,1.5,0.563,1,1.4,2.4,1.2,0.2,0.4,0.2,1.4,2.5
226,Richaun Holmes,C,27,SAC,61,61,29.2,6,9.4,0.637,0,0.2,0.182,6,9.2,0.645,0.638,2.2,2.8,0.794,2.4,5.9,8.3,1.7,0.6,1.6,1.2,3.5,14.2
227,Rodney Hood,SF,28,TOT,55,5,17.1,1.7,4.7,0.362,0.6,2.1,0.301,1.1,2.7,0.408,0.427,0.4,0.5,0.857,0.4,1.5,1.9,1,0.4,0.1,0.7,1.3,4.5
227,Rodney Hood,SF,28,POR,38,5,19.1,1.9,5.3,0.363,0.7,2.2,0.298,1.3,3.1,0.41,0.425,0.2,0.3,0.75,0.5,1.4,1.9,1.2,0.5,0.1,0.8,1.6,4.7
227,Rodney Hood,SF,28,TOR,17,0,12.7,1.2,3.5,0.356,0.5,1.7,0.31,0.7,1.8,0.4,0.432,0.9,0.9,0.938,0.3,1.5,1.8,0.4,0.2,0.2,0.3,0.9,3.9
228,Al Horford,C,34,OKC,28,28,27.9,5.8,12.9,0.45,2,5.4,0.368,3.8,7.4,0.51,0.528,0.6,0.8,0.818,1,5.7,6.7,3.4,0.9,0.9,1,1.7,14.2
229,Talen Horton-Tucker,SG,20,LAL,64,4,20.2,3.5,7.5,0.46,0.6,2,0.279,2.9,5.5,0.525,0.497,1.5,2,0.78,0.4,2.2,2.6,2.8,1,0.3,1.6,2,9
230,Danuel House,SF,27,HOU,36,23,25.9,3.1,7.6,0.404,1.5,4.3,0.346,1.6,3.2,0.483,0.504,1.1,1.8,0.651,0.5,3.2,3.7,1.9,0.6,0.4,1,1.9,8.8
231,Dwight Howard,C,35,PHI,68,5,17.3,2.6,4.4,0.589,0.1,0.3,0.25,2.5,4.1,0.613,0.597,1.8,3.1,0.577,2.8,5.6,8.4,0.9,0.4,0.9,1.6,2.9,7
232,Markus Howard,SG,21,DEN,36,1,4.8,0.9,2.5,0.36,0.4,1.6,0.246,0.5,0.9,0.563,0.438,0.1,0.2,0.667,0,0.4,0.5,0.4,0.1,0,0.4,0.6,2.3
233,Kevin Huerter,SG,22,ATL,69,49,30.8,4.6,10.6,0.432,2,5.6,0.363,2.6,5,0.51,0.528,0.7,0.9,0.781,0.6,2.8,3.3,3.5,1.2,0.3,1.1,2.4,11.9
234,Elijah Hughes,SF,22,UTA,18,0,3.6,0.6,1.7,0.333,0.4,1.3,0.348,0.1,0.4,0.286,0.467,0.2,0.2,0.75,0.1,0.4,0.5,0.3,0.1,0.1,0.3,0.1,1.7
235,De'Andre Hunter,SF,23,ATL,22,18,29.7,5.3,10.8,0.489,1.4,4.2,0.337,3.9,6.6,0.586,0.555,3,3.5,0.87,0.8,4.1,4.9,2,0.9,0.5,1.2,2.5,15
236,Chandler Hutchison,SF,24,TOT,24,1,14,1.6,4.3,0.382,0.3,0.9,0.381,1.3,3.4,0.383,0.422,0.9,1,0.84,0.3,3,3.3,0.7,0.5,0.2,0.8,1.4,4.5
236,Chandler Hutchison,SF,24,CHI,7,0,9.1,0.7,2.6,0.278,0.1,0.4,0.333,0.6,2.1,0.267,0.306,0.3,0.3,1,0.1,2.7,2.9,0.6,0.1,0,0.7,1.3,1.9
236,Chandler Hutchison,SF,24,WAS,17,1,16.1,2,4.9,0.405,0.4,1.1,0.389,1.6,3.9,0.409,0.446,1.1,1.4,0.826,0.3,3.1,3.4,0.8,0.6,0.3,0.9,1.4,5.5
237,Serge Ibaka,C,31,LAC,40,39,23.4,4.6,8.9,0.513,1,2.7,0.349,3.6,6.2,0.585,0.566,1,1.2,0.816,1.8,4.9,6.7,1.8,0.2,1.2,1.1,1.9,11.1
238,Andre Iguodala,SF,37,MIA,63,5,21.3,1.5,3.9,0.383,1,2.9,0.33,0.6,1,0.53,0.504,0.4,0.6,0.658,0.6,2.9,3.5,2.3,0.9,0.6,1.1,1.4,4.4
239,Ersan ?lyasova,PF,33,UTA,17,1,8.7,1.2,3.2,0.389,1.1,2.4,0.439,0.2,0.8,0.231,0.556,0.3,0.3,1,0.4,1.3,1.7,0.2,0.6,0.2,0.5,1.7,3.8
240,Joe Ingles,SF,33,UTA,66,29,27.8,4.1,8.4,0.491,2.7,6.1,0.453,1.4,2.3,0.591,0.654,1.1,1.3,0.841,0.4,3.2,3.6,4.7,0.7,0.2,1.7,1.8,12.1
241,Brandon Ingram,SF,23,NOP,61,61,34.3,8.4,18,0.466,2.3,6.1,0.381,6.1,11.9,0.51,0.531,4.6,5.2,0.878,0.6,4.3,4.9,4.9,0.7,0.6,2.5,2,23.8
242,Kyrie Irving,PG,28,BRK,53,53,35,10.2,20.3,0.504,2.8,7.1,0.397,7.4,13.2,0.561,0.573,3.8,4.1,0.922,1,3.8,4.7,6.1,1.4,0.6,2.4,2.6,27.1
243,Wesley Iwundu,SF,26,TOT,41,4,13.1,0.8,2.5,0.333,0.1,1,0.122,0.7,1.5,0.475,0.358,0.6,0.8,0.839,0.4,1.8,2.2,0.4,0.4,0.1,0.5,1.2,2.4
243,Wesley Iwundu,SF,26,DAL,23,3,12.5,0.7,2.3,0.327,0.1,1,0.13,0.6,1.3,0.483,0.356,0.5,0.6,0.857,0.3,1.7,1.9,0.4,0.4,0.1,0.3,1.1,2.1
243,Wesley Iwundu,SF,26,NOP,18,1,13.9,0.9,2.8,0.34,0.1,1,0.111,0.8,1.8,0.469,0.36,0.8,0.9,0.824,0.5,2.1,2.6,0.4,0.3,0.1,0.7,1.3,2.8
244,Frank Jackson,PG,22,DET,40,6,18.5,3.4,7.3,0.457,1.5,3.8,0.407,1.8,3.6,0.51,0.561,1.5,1.9,0.813,0.4,1.8,2.2,0.9,0.4,0,0.9,1.3,9.8
245,Jaren Jackson Jr.,C,21,MEM,10,3,22.7,4.8,11.2,0.429,1.5,5.3,0.283,3.3,5.9,0.559,0.496,3.3,4,0.825,1.5,4,5.5,1,0.9,1.6,1.3,3.7,14.4
246,Josh Jackson,SG,23,DET,61,25,25.2,4.8,11.3,0.419,1.2,4.1,0.3,3.5,7.2,0.486,0.473,2.6,3.5,0.732,0.9,3.2,4.1,2.3,0.9,0.8,2.3,2.9,13.3
247,Justin Jackson,SF,25,OKC,33,3,16.5,2.6,6.4,0.406,1,3.4,0.306,1.6,3.1,0.515,0.486,0.9,1.1,0.857,0.4,1.7,2.2,1.5,0.5,0.1,0.9,0.9,7.2
248,Reggie Jackson,SG,30,LAC,66,42,23.3,4,8.8,0.45,1.8,4.2,0.432,2.1,4.6,0.467,0.553,1,1.2,0.817,0.4,2.5,2.9,3.1,0.6,0.1,1.1,1.9,10.7
249,Justin James,SF,24,SAC,36,0,8.6,1.4,3.1,0.468,0.4,1.1,0.368,1.1,2,0.521,0.532,0.6,1,0.583,0.3,0.6,0.8,0.6,0.2,0.1,0.4,0.6,3.9
250,LeBron James,PG,36,LAL,44,44,33.5,9.3,18.2,0.513,2.3,6.4,0.364,7,11.8,0.593,0.577,4,5.8,0.7,0.6,7.2,7.8,7.8,1,0.6,3.8,1.6,25
251,Mike James,PG,30,BRK,12,1,17.3,2.3,6.3,0.368,0.8,2.1,0.36,1.6,4.3,0.373,0.428,1.8,2.2,0.808,0.3,2.1,2.3,3.8,0.3,0.1,1.5,0.7,7.2
252,DaQuan Jeffries,SG,23,TOT,31,5,15.9,1.6,3.9,0.417,0.6,2.2,0.299,1,1.7,0.566,0.5,0.2,0.3,0.875,0.6,1.7,2.3,0.7,0.5,0.3,0.5,1.5,4.1
252,DaQuan Jeffries,SG,23,SAC,18,2,12.9,1.3,3.2,0.421,0.5,1.6,0.321,0.8,1.6,0.517,0.5,0.3,0.4,0.857,0.5,1.1,1.6,0.3,0.4,0.2,0.4,1.3,3.5
252,DaQuan Jeffries,SG,23,HOU,13,3,20.1,2,4.8,0.413,0.8,3,0.282,1.2,1.8,0.625,0.5,0.1,0.1,1,0.8,2.5,3.2,1.2,0.6,0.5,0.5,1.9,4.9
253,Ty Jerome,SG,23,OKC,33,1,23.9,3.9,8.7,0.446,2.2,5.1,0.423,1.7,3.6,0.479,0.57,0.8,1,0.765,0.3,2.5,2.8,3.6,0.6,0.2,1.4,1.8,10.7
254,Isaiah Joe,SG,21,PHI,40,1,8.8,1.1,3,0.364,0.9,2.4,0.365,0.2,0.6,0.36,0.508,0.3,0.5,0.722,0.2,0.7,0.8,0.5,0.3,0.1,0.3,0.8,3.4
255,Alize Johnson,PF,24,BRK,17,0,10.9,2.3,3.9,0.591,0.1,0.4,0.167,2.2,3.5,0.633,0.598,0.8,0.8,1,1.5,3.7,5.2,0.8,0.3,0.3,0.5,0.9,5.4
256,Cameron Johnson,PF,24,PHO,60,11,24,3.4,8.1,0.42,2,5.6,0.349,1.4,2.5,0.581,0.541,0.8,1,0.847,0.6,2.8,3.3,1.4,0.6,0.3,0.7,1.4,9.6
257,James Johnson,PF,33,TOT,50,11,20.3,2.8,6.3,0.449,0.6,2.4,0.263,2.2,4,0.561,0.498,0.9,1.5,0.616,0.6,2.8,3.5,1.9,0.8,0.8,1.1,2.3,7.2
257,James Johnson,PF,33,DAL,29,1,17.4,2.3,5,0.462,0.5,2.1,0.25,1.8,2.9,0.612,0.514,0.6,1,0.586,0.5,2.5,3,1.7,0.8,0.8,0.9,2,5.7
257,James Johnson,PF,33,NOP,21,10,24.4,3.6,8.1,0.439,0.8,2.8,0.276,2.8,5.4,0.522,0.485,1.3,2.1,0.636,0.8,3.3,4.1,2.1,0.9,0.9,1.2,2.7,9.2
258,Keldon Johnson,SF,21,SAS,68,66,28.6,4.9,10.3,0.479,0.9,2.6,0.335,4,7.6,0.529,0.522,2.1,2.9,0.742,1.4,4.6,6,1.7,0.6,0.4,1.1,2.1,12.8
259,Stanley Johnson,PF,24,TOR,60,12,16,1.4,3.6,0.386,0.7,2.1,0.336,0.7,1.5,0.456,0.484,0.6,0.7,0.795,0.4,2,2.5,1.4,0.8,0.3,0.8,1.9,4.1
260,Tyler Johnson,SG,28,BRK,38,3,17.4,1.8,4.6,0.391,1.2,3.3,0.362,0.6,1.2,0.468,0.523,0.5,0.6,0.857,0.2,1.8,1.9,1.2,0.4,0,0.4,1,5.3
Rk,Player,Pos,Age,Tm,G,GS,MP,FG,FGA,FG%,3P,3PA,3P%,2P,2PA,2P%,eFG%,FT,FTA,FT%,ORB,DRB,TRB,AST,STL,BLK,TOV,PF,PTS
261,Nikola Joki?,C,25,DEN,71,71,34.8,10.2,18,0.567,1.3,3.3,0.393,8.9,14.7,0.606,0.603,4.8,5.5,0.867,2.9,8.1,10.9,8.4,1.3,0.7,3.1,2.7,26.4
262,Damian Jones,C,25,TOT,38,9,13.4,1.6,2.4,0.678,0,0.1,0.333,1.6,2.3,0.69,0.683,1.1,1.5,0.732,0.9,2.1,3.1,0.7,0.3,0.7,0.6,1.9,4.3
262,Damian Jones,C,25,PHO,14,0,6.7,0.6,1.1,0.5,0,0.1,0,0.6,1.1,0.533,0.5,0.4,0.8,0.545,0.5,0.8,1.3,0.3,0.1,0.4,0.4,1.4,1.6
262,Damian Jones,C,25,LAL,8,6,14,2,2.1,0.941,0,0,,2,2.1,0.941,0.941,1.4,1.5,0.917,1,2.3,3.3,0.1,0.1,0.9,0.6,2.8,5.4
262,Damian Jones,C,25,SAC,16,3,19.1,2.3,3.6,0.649,0.1,0.1,0.5,2.3,3.4,0.655,0.658,1.5,2.1,0.727,1.3,3.3,4.5,1.4,0.5,1,0.8,2,6.2
263,Derrick Jones Jr.,SF,23,POR,57,43,23,2.6,5.3,0.485,0.8,2.4,0.321,1.8,2.9,0.617,0.556,1,1.6,0.648,1.4,2.2,3.6,0.8,0.6,0.9,0.6,2.2,6.9
264,Mason Jones,SG,22,TOT,32,1,10.4,1.6,3.8,0.423,0.8,2.1,0.364,0.9,1.8,0.491,0.52,1.3,2,0.625,0.2,1.5,1.7,1.3,0.2,0,0.9,0.8,5.3
264,Mason Jones,SG,22,HOU,26,1,11.8,1.8,4.4,0.412,0.9,2.5,0.359,0.9,1.9,0.48,0.513,1.3,2.2,0.614,0.2,1.8,2,1.5,0.2,0,1.1,0.8,5.8
264,Mason Jones,SG,22,PHI,6,0,4.5,0.8,1.5,0.556,0.2,0.3,0.5,0.7,1.2,0.571,0.611,0.8,1.2,0.714,0.5,0.2,0.7,0.5,0.2,0,0.2,0.3,2.7
265,Tre Jones,PG,21,SAS,36,1,6.9,0.9,2,0.466,0.1,0.1,0.75,0.9,1.9,0.449,0.486,0.4,0.4,0.933,0.2,0.4,0.6,0.9,0.2,0,0.4,0.3,2.4
266,Tyus Jones,PG,24,MEM,69,9,17.6,2.6,6,0.433,0.7,2,0.321,1.9,3.9,0.491,0.488,0.6,0.7,0.911,0.3,1.7,2,3.7,0.9,0.1,0.7,0.4,6.4
267,DeAndre Jordan,C,32,BRK,57,43,21.9,3.3,4.4,0.763,0,0,0,3.3,4.4,0.766,0.763,0.8,1.6,0.5,2.1,5.4,7.5,1.6,0.3,1.1,1.5,2,7.5
268,Cory Joseph,PG,29,TOT,62,12,22.8,3.1,6.6,0.471,0.7,2.1,0.336,2.4,4.6,0.532,0.523,1.2,1.4,0.818,0.5,2,2.5,3.4,1,0.3,1.2,2.2,8.1
268,Cory Joseph,PG,29,SAC,44,2,21.5,2.5,5.7,0.444,0.7,2.1,0.33,1.8,3.5,0.513,0.506,0.8,1.1,0.766,0.6,1.7,2.3,2.5,0.9,0.2,1,2.2,6.6
268,Cory Joseph,PG,29,DET,18,10,26.2,4.6,9,0.512,0.7,1.9,0.353,3.9,7.1,0.555,0.549,2,2.3,0.878,0.5,2.6,3.1,5.6,1.2,0.4,1.8,2.2,11.9
269,Mfiondu Kabengele,PF,23,TOT,38,0,6.9,0.8,2.2,0.357,0.3,1.3,0.265,0.4,0.9,0.486,0.435,0.4,0.5,0.778,0.2,1.1,1.3,0.4,0.2,0.3,0.4,0.9,2.3
269,Mfiondu Kabengele,PF,23,LAC,23,0,4.1,0.4,1.4,0.281,0.2,0.8,0.222,0.2,0.6,0.357,0.344,0.2,0.3,0.833,0,0.6,0.6,0.2,0.1,0.1,0.3,0.8,1.2
269,Mfiondu Kabengele,PF,23,CLE,15,0,11.2,1.4,3.5,0.404,0.6,2.1,0.29,0.8,1.4,0.571,0.49,0.6,0.8,0.75,0.5,1.9,2.4,0.7,0.4,0.5,0.5,1.1,4
270,Frank Kaminsky,C,27,PHO,46,13,15.1,2.5,5.4,0.468,0.7,1.8,0.357,1.9,3.6,0.524,0.528,0.8,1.3,0.617,0.8,3.1,3.9,1.6,0.3,0.3,0.5,1.5,6.5
271,Enes Kanter,C,28,POR,71,35,24.4,4.7,7.8,0.601,0,0.1,0.25,4.7,7.8,0.603,0.602,1.7,2.2,0.774,3.9,7,11,1.2,0.5,0.7,1.1,2.3,11.2
272,Luke Kennard,SG,24,LAC,62,16,19.4,3.1,6.5,0.478,1.6,3.5,0.456,1.5,3,0.503,0.601,0.4,0.5,0.839,0.2,2.3,2.5,1.7,0.3,0.1,0.8,1.4,8.2
273,Louis King,SF,21,SAC,5,0,11.4,2.4,4.4,0.545,0.4,1.6,0.25,2,2.8,0.714,0.591,1.2,1.2,1,1,2,3,1.2,0.8,0.4,0.4,0.8,6.4
274,Maxi Kleber,PF,29,DAL,50,40,26.8,2.3,5.5,0.422,1.7,4.2,0.41,0.6,1.3,0.46,0.58,0.7,0.7,0.919,0.9,4.3,5.2,1.4,0.5,0.7,0.6,2.1,7.1
275,Nathan Knight,PF,23,ATL,32,0,7.9,1,2.8,0.341,0.2,0.9,0.167,0.8,1.9,0.426,0.368,1.4,1.7,0.83,0.8,1.2,1.9,0.3,0.3,0.3,0.5,0.7,3.5
276,Kevin Knox,SF,21,NYK,42,0,11,1.3,3.4,0.392,0.8,2.1,0.393,0.5,1.3,0.389,0.514,0.4,0.5,0.8,0.2,1.2,1.5,0.5,0.3,0.1,0.4,0.9,3.9
277,John Konchar,SG,24,MEM,43,0,13.4,1.6,3.2,0.5,0.5,1.3,0.375,1.1,1.9,0.585,0.576,0.6,0.7,0.833,0.8,2.2,3,1.1,0.7,0.2,0.4,0.9,4.3
278,Furkan Korkmaz,SG,23,PHI,54,10,19.3,3.1,7.7,0.405,1.8,4.9,0.378,1.3,2.8,0.451,0.524,1.1,1.5,0.732,0.3,1.8,2.1,1.4,0.9,0.2,0.8,1.1,9.2
279,Luke Kornet,C-PF,25,TOT,30,1,10.7,1.4,3.1,0.447,0.5,1.8,0.278,0.9,1.3,0.675,0.527,0.1,0.2,0.5,0.5,1.7,2.1,0.8,0.1,1,0.2,0.6,3.4
279,Luke Kornet,PF,25,CHI,13,0,7.2,0.7,2.1,0.333,0.5,1.8,0.261,0.2,0.3,0.75,0.444,0.2,0.3,0.5,0.1,1.1,1.2,0.3,0.2,0.5,0.1,0.1,2
279,Luke Kornet,C,25,BOS,17,1,13.4,1.9,3.9,0.493,0.5,1.8,0.29,1.4,2.1,0.667,0.56,0.1,0.1,0.5,0.8,2.1,2.9,1.2,0.1,1.3,0.3,1.1,4.5
280,Rodions Kurucs,SF-PF,22,TOT,21,0,6,0.5,1.5,0.344,0.3,1,0.286,0.2,0.5,0.455,0.438,0.1,0.2,0.75,0.2,0.9,1.1,0.5,0.4,0.2,0.6,0.8,1.5
280,Rodions Kurucs,PF,22,BRK,5,0,3.2,0.2,0.6,0.333,0.2,0.4,0.5,0,0.2,0,0.5,0,0,,0,0.6,0.6,0.4,0,0,0,0.2,0.6
280,Rodions Kurucs,SF,22,HOU,11,0,6.8,0.5,1.9,0.238,0.2,1.4,0.133,0.3,0.5,0.5,0.286,0.1,0.2,0.5,0.2,0.8,1,0.4,0.5,0.4,0.8,0.6,1.2
280,Rodions Kurucs,SF,22,MIL,5,0,6.8,1,1.6,0.625,0.6,0.8,0.75,0.4,0.8,0.5,0.813,0.4,0.4,1,0.6,1.2,1.8,0.8,0.6,0,0.8,1.6,3
Rk,Player,Pos,Age,Tm,G,GS,MP,FG,FGA,FG%,3P,3PA,3P%,2P,2PA,2P%,eFG%,FT,FTA,FT%,ORB,DRB,TRB,AST,STL,BLK,TOV,PF,PTS
281,Kyle Kuzma,SF,25,LAL,67,32,28.8,5,11.2,0.441,2,5.7,0.361,2.9,5.6,0.524,0.533,1,1.4,0.684,1.6,4.5,6.1,1.9,0.5,0.6,1.7,1.8,12.9
282,Anthony Lamb,SF,23,HOU,23,2,16.2,1.9,4.9,0.393,1,2.9,0.343,0.9,2,0.467,0.496,0.7,0.7,0.882,1.1,1.8,2.9,0.8,0.2,0.2,0.7,1.4,5.5
283,Jeremy Lamb,SG,28,IND,36,8,21.3,3.3,7.7,0.435,1.4,3.6,0.406,1.9,4.1,0.459,0.529,2,2.1,0.947,0.7,2.9,3.6,1.5,0.9,0.6,0.6,2,10.1
284,Romeo Langford,SG,21,BOS,17,3,14.6,0.9,2.8,0.333,0.3,1,0.294,0.6,1.8,0.355,0.385,0.3,0.4,0.833,0.6,1.2,1.8,0.7,0.3,0.3,0.5,1.2,2.5
285,Zach LaVine,SG,25,CHI,58,58,35.1,9.8,19.4,0.507,3.4,8.2,0.419,6.4,11.1,0.571,0.596,4.4,5.1,0.849,0.6,4.4,5,4.9,0.8,0.5,3.5,2.4,27.4
286,Jake Layman,SF,26,MIN,45,11,13.9,2,4.1,0.495,0.5,1.7,0.295,1.5,2.4,0.642,0.557,0.6,0.8,0.703,0.3,1.2,1.5,0.6,0.6,0.4,0.6,1,5.1
287,T.J. Leaf,PF,23,POR,6,0,5,0.8,1.5,0.556,0,0,,0.8,1.5,0.556,0.556,0.3,0.3,1,0,0.7,0.7,0.2,0.3,0.2,0.3,0.2,2
288,Jalen Lecque,PG,20,IND,4,0,3,0.3,2.3,0.111,0,0.3,0,0.3,2,0.125,0.111,0.8,0.8,1,0.5,0.8,1.3,0.5,0,0,0,0,1.3
289,Damion Lee,SG,28,GSW,57,1,18.9,2.2,4.8,0.467,1.4,3.4,0.397,0.9,1.4,0.638,0.608,0.7,0.8,0.909,0.4,2.8,3.2,1.3,0.7,0.1,0.5,1.6,6.5
290,Saben Lee,PG,21,DET,47,7,16,2,4.3,0.465,0.2,0.5,0.364,1.8,3.8,0.478,0.485,1.3,1.9,0.685,0.4,1.6,2,3.6,0.7,0.3,1.1,1.6,5.5
291,Alex Len,C,27,TOT,63,41,15.5,2.7,4.4,0.615,0.1,0.4,0.32,2.6,4,0.644,0.629,1.2,1.8,0.629,1.2,2.9,4.1,0.8,0.3,1,0.9,2,6.7
291,Alex Len,C,27,TOR,7,2,10.9,0.7,1.4,0.5,0.4,0.9,0.5,0.3,0.6,0.5,0.65,0.4,0.9,0.5,0,1.6,1.6,0.4,0.1,0.9,1.1,1.4,2.3
291,Alex Len,C,27,WAS,56,39,16,3,4.8,0.619,0.1,0.3,0.263,2.9,4.4,0.647,0.629,1.3,2,0.636,1.4,3,4.4,0.8,0.3,1,0.8,2.1,7.3
292,Kawhi Leonard,SF,29,LAC,52,52,34.1,8.9,17.5,0.512,1.9,4.9,0.398,7,12.6,0.557,0.568,5,5.7,0.885,1.1,5.4,6.5,5.2,1.6,0.4,2,1.6,24.8
293,Meyers Leonard,C,28,MIA,3,2,9.7,1,2.3,0.429,1,2.3,0.429,0,0,,0.643,0.3,0.7,0.5,0,2.3,2.3,0.7,0,0,0.7,1.7,3.3
294,Caris LeVert,SG,26,TOT,46,38,31.8,7.7,17.5,0.44,1.8,5.6,0.324,5.9,12,0.495,0.492,3.1,3.8,0.807,0.7,3.9,4.6,5.2,1.4,0.7,2.2,2.3,20.3
294,Caris LeVert,SG,26,BRK,12,4,27.8,7.3,16.7,0.435,1.8,5.3,0.349,5.4,11.4,0.474,0.49,2.2,2.8,0.765,0.8,3.5,4.3,6,1.1,0.5,2.2,1.7,18.5
294,Caris LeVert,SG,26,IND,34,34,33.2,7.9,17.8,0.442,1.8,5.7,0.316,6.1,12.1,0.501,0.493,3.4,4.2,0.817,0.7,4.1,4.7,4.9,1.5,0.7,2.2,2.5,21
295,Kira Lewis Jr.,PG,19,NOP,53,0,16.6,2.4,6.2,0.381,0.7,2.2,0.331,1.6,4,0.408,0.44,0.8,0.9,0.833,0.2,1.1,1.3,2.3,0.7,0.2,0.6,1.7,6.2
296,Damian Lillard,PG,30,POR,66,66,35.9,9,20,0.45,4.1,10.5,0.388,4.9,9.5,0.519,0.553,6.8,7.3,0.927,0.5,3.8,4.2,7.5,0.9,0.3,3,1.5,28.9
297,Nassir Little,PF,20,POR,47,2,13.5,1.6,3.5,0.461,0.6,1.7,0.35,1,1.8,0.565,0.545,0.8,1,0.8,0.7,2,2.7,0.5,0.1,0.3,0.4,1.1,4.6
298,Kevon Looney,C,24,GSW,60,33,18.8,1.8,3.2,0.547,0.1,0.3,0.235,1.7,2.9,0.577,0.557,0.5,0.8,0.646,1.9,3.3,5.2,1.9,0.4,0.4,0.6,2.2,4.1
299,Brook Lopez,C,32,MIL,70,70,27.2,4.6,9.1,0.503,1.4,4,0.338,3.2,5.1,0.632,0.577,1.7,2,0.845,1.5,3.5,5,0.7,0.6,1.5,0.9,2.1,12.3
300,Robin Lopez,C,32,WAS,70,9,19,3.7,5.9,0.628,0.1,0.3,0.278,3.6,5.7,0.644,0.634,1.4,2,0.723,2,1.8,3.8,0.8,0.2,0.6,1,1.5,8.9
301,Didi Louzada,SF,21,NOP,2,0,19,1.5,5.5,0.273,1,3.5,0.286,0.5,2,0.25,0.364,0,0,,0.5,0.5,1,1,1,0,0,2,4
302,Kevin Love,PF,32,CLE,25,25,24.9,4.1,10.1,0.409,2.3,6.2,0.365,1.8,3.8,0.479,0.522,1.7,2,0.824,0.7,6.8,7.4,2.5,0.6,0.1,1.5,1,12.2
303,Kyle Lowry,PG,34,TOR,46,46,34.8,5.7,13,0.436,2.8,7.2,0.396,2.8,5.8,0.487,0.546,3,3.5,0.875,0.8,4.6,5.4,7.3,1,0.3,2.7,3.1,17.2
304,Timoth? Luwawu-Cabarrot,SF,25,BRK,57,7,18.3,2.2,6.2,0.36,1.3,4.2,0.311,0.9,2,0.461,0.465,0.6,0.8,0.814,0.5,1.8,2.3,1.2,0.6,0.1,0.8,1.7,6.4
305,Trey Lyles,PF,25,SAS,23,9,15.6,1.9,3.9,0.478,0.6,1.7,0.35,1.3,2.2,0.58,0.556,0.7,1,0.652,0.4,3.3,3.7,0.6,0.3,0,0.3,0.6,5
306,Will Magnay,C,22,NOP,1,0,3,0,1,0,0,1,0,0,0,,0,0,0,,0,0,0,0,0,0,1,1,0
307,Thon Maker,C,23,CLE,8,0,9.5,1.3,2.3,0.556,0,0.3,0,1.3,2,0.625,0.556,1.3,1.4,0.909,1,1.3,2.3,0.5,0.3,0.5,0.4,0.9,3.8
308,Th?o Maledon,PG,19,OKC,64,48,27.6,3.5,9.5,0.368,1.6,4.8,0.335,1.9,4.7,0.402,0.453,1.6,2.1,0.748,0.4,2.9,3.3,3.5,0.9,0.2,2.2,2,10.2
309,Karim Man?,PG,20,ORL,10,0,8.8,0.3,1.3,0.231,0.1,0.2,0.5,0.2,1.1,0.182,0.269,0.4,0.5,0.8,0.1,1.3,1.4,0.4,0,0.2,0.3,1,1.1
310,Terance Mann,SG,24,LAC,66,10,18.8,2.6,5.2,0.5,0.6,1.3,0.416,2,3.8,0.53,0.554,1.1,1.3,0.831,0.8,2.8,3.6,1.6,0.4,0.2,0.6,1.9,6.9
311,Nico Mannion,PG,19,GSW,30,1,12.1,1.3,3.8,0.342,0.7,2,0.367,0.6,1.8,0.315,0.439,0.8,0.9,0.821,0.2,1.3,1.5,2.3,0.5,0,1,1,4.1
312,Boban Marjanovi?,C,32,DAL,32,3,8.3,1.9,3.8,0.508,0,0.3,0.125,1.9,3.6,0.535,0.512,0.9,1.1,0.824,1.5,2.5,4,0.3,0.1,0.2,0.3,0.9,4.8
313,Lauri Markkanen,PF,23,CHI,50,25,25.9,4.9,10.2,0.478,2.3,5.8,0.401,2.5,4.4,0.583,0.593,1.5,1.8,0.83,0.7,4.6,5.3,0.9,0.5,0.3,1,1.5,13.6
314,Naji Marshall,SF,23,NOP,31,9,21.4,2.5,6.3,0.388,0.8,2.5,0.325,1.6,3.8,0.429,0.452,1.6,2.4,0.699,0.5,4.1,4.6,2.6,0.8,0.3,1,1.8,7.4
315,Caleb Martin,SF,25,CHO,53,3,15.4,1.8,4.8,0.375,0.6,2.4,0.248,1.2,2.5,0.496,0.436,0.8,1.2,0.641,0.6,2.1,2.7,1.3,0.7,0.2,0.6,1.2,5
316,Cody Martin,SF,25,CHO,52,10,16.3,1.6,3.6,0.441,0.3,1.1,0.276,1.3,2.5,0.515,0.484,0.5,0.8,0.581,1,2.1,3.1,1.7,0.7,0.2,0.8,1,4
317,Jeremiah Martin,PG,24,CLE,8,0,7.9,0.9,3.5,0.25,0.4,1.4,0.273,0.5,2.1,0.235,0.304,0.1,0.6,0.2,0.1,0.6,0.8,0.4,0.5,0.1,0.8,0.1,2.3
318,Kelan Martin,SF,25,IND,34,0,9,1.7,3.7,0.457,0.6,1.6,0.396,1.1,2.2,0.5,0.539,0.2,0.2,0.875,0.5,1.6,2.2,0.5,0.3,0.3,0.4,1,4.2
319,Kenyon Martin Jr.,SF,20,HOU,44,7,23.4,3.6,6.9,0.521,0.8,2,0.379,2.8,4.9,0.579,0.576,1.4,1.9,0.723,1.6,3.7,5.4,1,0.6,0.9,0.8,1.9,9.3
320,Frank Mason III,PG,26,ORL,4,1,19.8,2.3,6,0.375,0.5,1.3,0.4,1.8,4.8,0.368,0.417,1.3,1.8,0.714,0.8,2.3,3,3,0,0,1.3,1.8,6.3
321,Garrison Mathews,SG,24,WAS,63,24,16.3,1.5,3.8,0.409,1.2,3.1,0.384,0.3,0.6,0.538,0.57,1.3,1.5,0.884,0.3,1.1,1.4,0.4,0.5,0.1,0.2,1.7,5.6
322,Dakota Mathias,SG,25,PHI,8,2,15.4,2.4,6,0.396,1,3.3,0.308,1.4,2.8,0.5,0.479,0.3,0.8,0.333,0.1,0.8,0.9,1.6,0.1,0.4,0.1,0.9,6
323,Wesley Matthews,SG,34,LAL,57,10,19.6,1.5,4.3,0.35,1.1,3.4,0.333,0.4,0.9,0.407,0.48,0.6,0.7,0.854,0.4,1.3,1.6,0.9,0.6,0.3,0.4,1.4,4.8
324,Tyrese Maxey,SG,20,PHI,60,7,15,3.1,6.8,0.456,0.5,1.7,0.283,2.7,5.2,0.511,0.49,0.9,1.1,0.862,0.2,1.4,1.6,1.9,0.4,0.2,0.7,1.3,7.6
325,Skylar Mays,SG,23,ATL,32,0,7.6,1.2,2.7,0.425,0.4,1.1,0.343,0.8,1.6,0.481,0.494,0.7,0.8,0.88,0.3,0.7,1,0.7,0.4,0,0.3,0.5,3.4
326,Patrick McCaw,SF,25,TOR,5,0,6.6,0.2,0.2,1,0,0,,0.2,0.2,1,1,0.6,0.6,1,0.2,0.4,0.6,0.8,0.4,0,0,1.2,1
327,CJ McCollum,SG,29,POR,46,46,34.1,8.6,18.8,0.457,3.6,8.9,0.399,5,9.9,0.509,0.551,2.3,2.9,0.811,0.6,3.3,4,4.7,0.9,0.5,1.3,1.9,23.1
328,T.J. McConnell,PG,28,IND,68,3,25.8,3.9,7.1,0.558,0.2,0.7,0.326,3.7,6.4,0.583,0.574,0.5,0.7,0.688,0.8,2.9,3.7,6.5,1.9,0.3,2,1.6,8.6
329,Jaden McDaniels,PF,20,MIN,62,26,23.8,2.5,5.7,0.441,1.1,3.1,0.361,1.4,2.6,0.534,0.538,0.4,0.7,0.6,0.8,2.9,3.7,1.1,0.6,1,0.7,2.7,6.6
330,Jalen McDaniels,SF,23,CHO,46,17,19,2.8,6,0.466,0.7,2.2,0.337,2.1,3.8,0.54,0.527,0.9,1.3,0.683,1,2.6,3.6,1.1,0.6,0.4,0.9,2,7.2
331,Doug McDermott,PF,29,IND,65,28,24.4,5.3,10,0.532,1.6,4.3,0.385,3.7,5.7,0.642,0.615,1.2,1.5,0.816,0.9,2.5,3.4,1.3,0.3,0.1,0.8,1.7,13.5
332,Sean McDermott,SF,24,MEM,18,0,8.8,0.7,1.8,0.394,0.3,1.2,0.227,0.4,0.6,0.727,0.47,0.4,0.4,1,0.3,0.7,1.1,0.2,0.1,0.2,0.2,0.4,2.2
333,JaVale McGee,C,33,TOT,45,2,14.8,3.1,6.1,0.513,0.1,0.5,0.217,3,5.6,0.54,0.522,1,1.4,0.662,1.6,3.5,5.1,0.8,0.4,1.2,1.3,2.7,7.3
333,JaVale McGee,C,33,CLE,33,1,15.2,3.4,6.5,0.521,0.2,0.6,0.25,3.2,5.9,0.549,0.533,1.1,1.7,0.655,1.6,3.5,5.2,1,0.5,1.2,1.4,2.4,8
333,JaVale McGee,C,33,DEN,12,1,13.4,2.3,4.8,0.483,0,0.3,0,2.3,4.6,0.509,0.483,0.6,0.8,0.7,1.6,3.5,5.1,0.3,0.3,1,1.3,3.3,5.3
334,Rodney McGruder,SG,29,DET,16,2,12.1,2.3,4.4,0.529,0.7,1.5,0.458,1.6,2.9,0.565,0.607,0.4,0.5,0.75,0.5,0.9,1.4,1,0.5,0.1,0.4,0.8,5.7
335,Alfonzo McKinnie,SF,28,LAL,38,0,6.8,1.2,2.4,0.511,0.4,1,0.41,0.8,1.4,0.585,0.598,0.3,0.5,0.556,0.6,0.8,1.4,0.2,0.2,0,0.1,0.7,3.2
336,Jordan McLaughlin,PG,24,MIN,50,2,18.6,1.9,4.8,0.406,0.6,1.8,0.352,1.3,3,0.439,0.473,0.5,0.6,0.767,0.4,1.7,2.2,3.8,1,0.1,1,0.9,5
337,Ben McLemore,SG,27,TOT,52,5,17.4,2.6,7,0.37,1.9,5.4,0.346,0.7,1.6,0.447,0.503,0.8,1,0.736,0.3,1.6,1.9,0.8,0.4,0.2,0.8,1.7,7.8
337,Ben McLemore,SG,27,HOU,32,4,16.8,2.5,7,0.357,1.7,5.2,0.331,0.8,1.8,0.431,0.48,0.7,1,0.719,0.3,1.7,2.1,0.9,0.6,0.1,0.9,1.6,7.4
337,Ben McLemore,SG,27,LAL,20,1,18.3,2.8,7.1,0.39,2.1,5.7,0.368,0.7,1.4,0.481,0.539,0.8,1.1,0.762,0.2,1.5,1.7,0.6,0.2,0.3,0.7,1.9,8.4
338,Nicol? Melli,PF,30,TOT,44,4,12.5,1,3.1,0.319,0.5,1.8,0.263,0.5,1.3,0.4,0.396,0.4,0.5,0.739,0.6,2,2.7,1,0.3,0.1,0.3,1.3,2.8
338,Nicol? Melli,PF,30,NOP,22,0,11,0.7,2.7,0.254,0.3,1.7,0.189,0.4,1,0.364,0.314,0.3,0.3,0.857,0.5,2,2.6,1.1,0.4,0,0.3,1.3,2
338,Nicol? Melli,PF,30,DAL,22,4,14.1,1.3,3.5,0.368,0.6,2,0.326,0.6,1.5,0.424,0.461,0.5,0.7,0.688,0.7,2,2.7,0.8,0.2,0.1,0.2,1.4,3.7
339,De'Anthony Melton,PG,22,MEM,51,1,20.1,3.3,7.6,0.44,1.7,4.1,0.418,1.6,3.5,0.466,0.553,0.8,1,0.804,0.6,2.5,3.1,2.6,1.1,0.6,1.2,1.6,9.2
340,Sam Merrill,SG,24,MIL,29,1,7.1,1.1,2.2,0.492,0.7,1.4,0.5,0.3,0.7,0.476,0.659,0.1,0.1,1,0.2,0.7,0.9,0.7,0.2,0,0.3,0.5,3
341,Chimezie Metu,C,23,SAC,35,5,13,2.5,4.8,0.515,0.4,1,0.371,2.1,3.8,0.552,0.553,0.9,1.2,0.721,0.9,2.1,3,0.8,0.4,0.5,0.8,1.6,6.2
342,Khris Middleton,SF,29,MIL,68,68,33.4,7.5,15.8,0.476,2.2,5.4,0.414,5.3,10.4,0.508,0.546,3.1,3.5,0.898,0.8,5.2,6,5.4,1.1,0.1,2.6,2.4,20.4
343,Darius Miller,SF,30,OKC,18,0,10.9,1.2,2.7,0.458,0.9,2.3,0.405,0.3,0.3,0.833,0.635,0.7,0.7,1,0.1,1.2,1.3,1.2,0.7,0.3,0.4,0.7,4.1
344,Patty Mills,PG,32,SAS,68,1,24.8,3.7,9,0.412,2.4,6.3,0.375,1.3,2.7,0.5,0.544,1,1.1,0.91,0.3,1.4,1.7,2.4,0.6,0,1,1.2,10.8
345,Paul Millsap,PF,35,DEN,55,36,20.8,3.4,7.2,0.476,0.9,2.5,0.336,2.6,4.6,0.553,0.535,1.2,1.7,0.713,1.4,3.4,4.7,1.7,0.9,0.7,0.9,2,8.9
346,Shake Milton,SG,24,PHI,62,3,23.1,4.7,10.5,0.45,1.1,3.2,0.345,3.6,7.4,0.495,0.502,2.4,2.8,0.83,0.5,1.8,2.3,3,0.6,0.3,1.7,2,12.9
347,Donovan Mitchell,PG,24,UTA,53,53,33.4,9,20.6,0.438,3.4,8.7,0.386,5.7,11.9,0.476,0.52,5,6,0.845,0.9,3.5,4.4,5.2,1,0.3,2.8,2.2,26.4
348,Adam Mokoka,SG,22,CHI,14,0,4,0.5,1.4,0.368,0.1,0.7,0.1,0.4,0.6,0.667,0.395,0,0.1,0,0.1,0.3,0.4,0.4,0.1,0.1,0.4,0.4,1.1
349,Malik Monk,SG,22,CHO,41,0,21.3,4.2,9.7,0.436,2.1,5.1,0.403,2.1,4.5,0.473,0.543,1.4,1.8,0.819,0.3,2.1,2.4,2.1,0.5,0.1,1.3,1.1,12
350,E'Twaun Moore,SG,31,PHO,26,1,14.2,1.8,4.3,0.414,0.3,1.3,0.273,1.4,3,0.474,0.455,0.4,0.5,0.833,0.5,1.2,1.7,1.5,0.6,0.2,0.8,1.2,4.3
351,Ja Morant,PG,21,MEM,62,62,32.5,6.8,15.1,0.452,1.2,3.8,0.306,5.7,11.3,0.501,0.49,4.4,6,0.73,0.9,3.1,4,7.4,0.9,0.2,3.2,1.4,19.2
352,Juwan Morgan,PF,23,UTA,28,0,5.1,0.5,1,0.483,0.1,0.5,0.308,0.4,0.6,0.625,0.552,0.1,0.3,0.429,0.3,0.7,1,0.3,0.1,0,0.1,0.8,1.3
353,Marcus Morris,PF,31,LAC,57,29,26.4,4.8,10.2,0.473,2.5,5.2,0.473,2.4,5.1,0.472,0.592,1.3,1.6,0.82,0.6,3.5,4.1,1,0.6,0.3,1,2.1,13.4
354,Markieff Morris,PF,31,LAL,61,27,19.7,2.5,6.2,0.405,1.1,3.4,0.311,1.4,2.8,0.521,0.491,0.6,0.8,0.72,0.8,3.6,4.4,1.2,0.4,0.3,0.9,1.7,6.7
355,Monte Morris,PG,25,DEN,46,13,25.6,4,8.3,0.479,1.1,2.9,0.383,2.8,5.4,0.53,0.546,1.3,1.6,0.795,0.2,1.8,2.1,3.2,0.7,0.3,0.7,1,10.3
356,Mychal Mulder,PG,26,GSW,59,6,12.7,2,4.5,0.452,1.4,3.6,0.401,0.6,0.9,0.667,0.614,0.2,0.4,0.636,0.1,0.8,1,0.4,0.2,0.2,0.3,0.9,5.7
357,Dejounte Murray,PG,24,SAS,66,66,32,6.6,14.6,0.454,1,3,0.32,5.7,11.6,0.489,0.487,1.6,2,0.791,0.9,6.2,7.1,5.4,1.5,0.1,1.8,2,15.8
358,Jamal Murray,PG,23,DEN,48,48,35.5,7.9,16.5,0.477,2.7,6.6,0.408,5.2,9.9,0.523,0.559,2.8,3.2,0.869,0.8,3.3,4,4.8,1.3,0.3,2.3,2,21.2
359,Mike Muscala,C,29,OKC,35,0,18.4,3.4,7.6,0.446,1.9,5.3,0.37,1.5,2.4,0.614,0.573,0.9,1,0.917,0.5,3.2,3.8,0.8,0.2,0.3,0.6,1.5,9.7
360,Sviatoslav Mykhailiuk,SF-SG,23,TOT,66,14,20.1,3.2,7.7,0.411,1.6,4.8,0.334,1.6,2.9,0.536,0.515,0.6,0.8,0.76,0.4,2.1,2.5,1.7,0.8,0.2,1.3,1,8.5
360,Sviatoslav Mykhailiuk,SF,23,DET,36,5,17.6,2.3,6.2,0.377,1.6,4.8,0.333,0.8,1.4,0.519,0.504,0.7,0.8,0.8,0.3,1.8,2.1,1.6,0.8,0.2,1.1,0.9,6.9
360,Sviatoslav Mykhailiuk,SG,23,OKC,30,9,23,4.1,9.4,0.438,1.6,4.8,0.336,2.5,4.7,0.543,0.523,0.5,0.7,0.7,0.4,2.5,3,1.8,0.8,0.2,1.6,1,10.3
361,Abdel Nader,SF,27,PHO,24,0,14.8,2.4,4.8,0.491,0.8,1.8,0.419,1.6,3,0.534,0.569,1.2,1.5,0.757,0.3,2.3,2.6,0.8,0.4,0.4,0.8,1.4,6.7
362,Larry Nance Jr.,PF,28,CLE,35,27,31.2,3.7,7.8,0.471,1.2,3.3,0.36,2.5,4.5,0.551,0.546,0.9,1.4,0.612,1.5,5.2,6.7,3.1,1.7,0.5,1.6,2.1,9.3
363,Aaron Nesmith,SF,21,BOS,45,1,14.4,1.7,3.8,0.448,0.9,2.4,0.374,0.8,1.4,0.569,0.564,0.5,0.6,0.786,0.6,2.2,2.8,0.5,0.3,0.2,0.5,1.9,4.8
364,Raul Neto,PG,28,WAS,64,22,21.9,3.3,7,0.468,1,2.6,0.39,2.3,4.4,0.512,0.539,1.2,1.3,0.882,0.4,2,2.4,2.3,1.1,0.1,0.8,1.7,8.7
365,Georges Niang,PF,27,UTA,71,10,16,2.5,5.6,0.437,1.7,4,0.425,0.7,1.6,0.468,0.59,0.3,0.3,0.952,0.4,2.1,2.5,0.8,0.4,0.1,0.7,1.6,6.9
366,Zeke Nnaji,PF,20,DEN,41,1,9.4,1.2,2.5,0.471,0.5,1.4,0.386,0.6,1.1,0.578,0.578,0.3,0.4,0.8,0.3,1.1,1.5,0.2,0.2,0.1,0.2,0.7,3.2
367,Nerlens Noel,C,26,NYK,63,40,24,2.2,3.5,0.615,0,0,0,2.2,3.5,0.624,0.615,0.8,1.1,0.714,2.3,4.1,6.4,0.7,1.1,2.2,1,2.8,5.1
368,Jaylen Nowell,SG,21,MIN,42,0,18.1,3.4,8,0.424,1.2,3.6,0.333,2.2,4.4,0.497,0.499,1.1,1.3,0.818,0.5,1.8,2.3,1.5,0.5,0.3,0.7,1.7,9
369,Frank Ntilikina,PG,22,NYK,32,4,10,0.9,2.5,0.367,0.7,1.5,0.479,0.2,1,0.194,0.513,0.3,0.6,0.444,0.2,0.8,1,0.6,0.5,0.1,0.3,1.4,2.8
370,Kendrick Nunn,PG,25,MIA,56,44,29.5,5.7,11.8,0.485,2.2,5.7,0.381,3.5,6,0.583,0.578,1,1.1,0.933,0.4,2.8,3.2,2.6,0.9,0.3,1.4,1.9,14.6
371,James Nunnally,SF,30,NOP,8,0,5.1,0.6,1.6,0.385,0.5,1.5,0.333,0.1,0.1,1,0.538,0.1,0.3,0.5,0.3,0.8,1,0.4,0,0,0.1,0.1,1.9
372,Jusuf Nurki?,C,26,POR,36,36,23.9,4.5,9,0.505,0.3,0.8,0.379,4.2,8.2,0.517,0.522,1.9,3,0.626,2.3,6.6,8.9,3.4,1,1,1.9,2.8,11.2
373,David Nwaba,SF,28,HOU,30,9,22.6,3.5,7.3,0.486,0.6,2.1,0.27,3,5.2,0.574,0.525,1.6,2.3,0.691,1.3,2.6,3.9,1,1,0.7,0.6,2,9.2
374,Jordan Nwora,SF,22,MIL,29,2,8.2,1.7,3.9,0.429,0.8,1.9,0.444,0.8,2,0.414,0.536,0.6,0.7,0.81,0.2,1.4,1.6,0.2,0.5,0.2,0.7,0.7,4.7
375,Royce O'Neale,SF,27,UTA,70,70,31.6,2.5,5.5,0.444,1.5,3.9,0.386,1,1.6,0.583,0.58,0.5,0.6,0.864,1.3,5.6,6.9,2.6,0.8,0.4,1.2,2.6,7
376,Semi Ojeleye,PF,26,BOS,55,14,17,1.6,3.9,0.405,1,2.8,0.373,0.5,1.1,0.484,0.537,0.4,0.6,0.75,0.6,2.1,2.6,0.7,0.3,0,0.4,1,4.6
377,Jahlil Okafor,C,25,DET,26,1,12.4,2.3,3.7,0.619,0.1,0.3,0.222,2.2,3.4,0.659,0.629,0.6,0.9,0.696,0.8,1.5,2.3,0.5,0.2,0.2,0.8,1.4,5.3
378,Chuma Okeke,PF,22,ORL,45,19,25.2,3,7.2,0.417,1.1,3.1,0.348,1.9,4.1,0.47,0.492,0.7,0.9,0.75,0.9,3.1,4,2.2,1.1,0.5,0.8,1.1,7.8
379,Josh Okogie,SG,22,MIN,58,37,20.3,1.7,4.3,0.4,0.5,1.8,0.267,1.2,2.5,0.497,0.456,1.4,1.8,0.774,1.1,1.6,2.7,1.1,0.9,0.5,0.7,2.1,5.3
380,Onyeka Okongwu,C,20,ATL,49,3,11.6,1.8,2.8,0.632,0,0.1,0,1.8,2.7,0.647,0.632,0.7,1.1,0.648,1.1,1.9,3,0.3,0.4,0.6,0.6,2,4.2
381,Isaac Okoro,SG,20,CLE,66,66,32.4,3.5,8.2,0.422,0.9,3.1,0.29,2.6,5.1,0.503,0.477,1.7,2.3,0.738,1,2.1,3.1,1.9,0.9,0.4,1.3,2.8,9.5
382,KZ Okpala,PF,21,MIA,36,9,11.5,0.8,2.4,0.345,0.3,1.4,0.245,0.5,1.1,0.474,0.414,0.1,0.3,0.3,0.6,1.2,1.8,0.5,0.2,0.3,0.4,1.5,2.1
383,Victor Oladipo,SG,28,TOT,33,33,32.7,7.1,17.5,0.408,2.4,7.2,0.326,4.8,10.2,0.466,0.476,3.2,4.2,0.754,0.4,4.5,4.8,4.6,1.4,0.4,2.5,2.5,19.8
383,Victor Oladipo,SG,28,IND,9,9,33.3,7.1,16.9,0.421,2.8,7.7,0.362,4.3,9.2,0.47,0.503,3,4.1,0.73,0.1,5.6,5.7,4.2,1.7,0.2,2,2.6,20
383,Victor Oladipo,SG,28,HOU,20,20,33.5,7.8,19.1,0.407,2.5,7.7,0.32,5.3,11.4,0.465,0.471,3.3,4.2,0.783,0.4,4.4,4.8,5,1.2,0.5,2.6,2.3,21.2
383,Victor Oladipo,SG,28,MIA,4,4,27.8,4,10.8,0.372,1,4.3,0.235,3,6.5,0.462,0.419,3,4.5,0.667,0.8,2.8,3.5,3.5,1.8,0.5,3.5,3.3,12
384,Cameron Oliver,SF,24,HOU,3,0,19.7,4.7,8,0.583,1.3,3.3,0.4,3.3,4.7,0.714,0.667,0.3,1,0.333,0.3,2.7,3,1.3,0.7,0.3,0.7,3,11
385,Kelly Olynyk,C-PF,29,TOT,69,61,28.6,4.8,9.9,0.487,1.8,5.3,0.342,3,4.7,0.65,0.577,2,2.4,0.82,1.2,5.8,7,2.9,1.1,0.6,1.8,3,13.5
385,Kelly Olynyk,C,29,MIA,43,38,26.9,3.8,8.7,0.431,1.8,5.7,0.317,2,3.1,0.639,0.533,0.7,0.9,0.775,1,5,6.1,2.1,0.9,0.6,1.3,2.9,10
385,Kelly Olynyk,PF,29,HOU,26,23,31.4,6.6,11.9,0.555,1.8,4.6,0.392,4.8,7.3,0.658,0.631,4.1,4.9,0.835,1.6,6.9,8.5,4.2,1.5,0.6,2.7,3.1,19.1
386,Miye Oni,SG,23,UTA,53,0,9.5,0.6,1.8,0.347,0.5,1.6,0.333,0.1,0.2,0.455,0.495,0.1,0.1,0.833,0.4,1.2,1.6,0.5,0.2,0.2,0.3,1.1,1.9
387,Cedi Osman,SF,25,CLE,58,25,25.5,3.7,9.9,0.377,1.7,5.5,0.308,2.1,4.4,0.461,0.462,1.3,1.6,0.8,0.6,2.7,3.4,2.9,0.9,0.2,1.3,2,10.5
388,Daniel Oturu,C,21,LAC,29,0,4.3,0.6,1.1,0.548,0,0,0,0.6,1,0.567,0.548,0.2,0.3,0.7,0.5,0.8,1.2,0.3,0.1,0.2,0.2,0.7,1.4
389,Kelly Oubre Jr.,SF,25,GSW,55,50,30.7,5.8,13.2,0.439,1.6,5.2,0.316,4.1,8,0.519,0.501,2.2,3.2,0.695,1.5,4.5,6,1.3,1,0.8,1.3,2.2,15.4
390,Jabari Parker,PF,25,TOT,12,0,11.5,2,3.8,0.533,0.1,0.7,0.125,1.9,3.1,0.622,0.544,0.4,0.6,0.714,0.8,2.2,2.9,0.8,0.1,0.4,0.8,0.8,4.5
390,Jabari Parker,PF,25,SAC,3,0,9,1.3,2.3,0.571,0,0.3,0,1.3,2,0.667,0.571,0,0,,0.3,1.7,2,0.3,0,0.3,1,1.3,2.7
390,Jabari Parker,PF,25,BOS,9,0,12.3,2.2,4.2,0.526,0.1,0.8,0.143,2.1,3.4,0.613,0.539,0.6,0.8,0.714,0.9,2.3,3.2,0.9,0.1,0.4,0.8,0.7,5.1
391,Eric Paschall,PF,24,GSW,40,2,17.4,3.7,7.5,0.497,0.5,1.4,0.333,3.3,6.1,0.533,0.527,1.7,2.4,0.713,0.7,2.5,3.2,1.3,0.3,0.2,1.1,1.7,9.5
392,An?ejs Pase??iks,C,25,WAS,1,0,6,0,1,0,0,1,0,0,0,,0,0,0,,1,0,1,1,0,0,5,2,0
393,Patrick Patterson,PF,31,LAC,37,4,14.6,1.8,4.2,0.442,1,2.8,0.365,0.8,1.4,0.6,0.565,0.4,0.5,0.765,0.4,1.4,1.9,0.7,0.4,0.2,0.3,1.2,5.1
394,Justin Patton,C,23,HOU,13,6,19,2.2,5.4,0.414,0.7,2.6,0.265,1.5,2.8,0.556,0.479,0.2,0.3,0.75,1.1,2.7,3.8,1.1,0.9,1.1,0.3,2.6,5.4
395,Chris Paul,PG,35,PHO,70,70,31.4,6.3,12.6,0.499,1.5,3.7,0.395,4.8,8.9,0.543,0.557,2.4,2.6,0.934,0.4,4.1,4.5,8.9,1.4,0.3,2.2,2.4,16.4
396,Cameron Payne,PG,26,PHO,59,0,17.8,3.1,6.5,0.483,1.2,2.7,0.438,1.9,3.7,0.516,0.575,0.8,0.9,0.889,0.3,2.1,2.4,3.6,0.6,0.3,1,1.6,8.2
397,Elfrid Payton,PG,26,NYK,62,62,23.7,4.3,10,0.435,0.5,1.6,0.286,3.9,8.4,0.463,0.458,1.2,1.7,0.682,1,2.4,3.4,3.3,0.8,0.1,1.6,1.9,10.3
398,Gary Payton II,PG,28,GSW,10,0,4,1,1.3,0.769,0.2,0.4,0.5,0.8,0.9,0.889,0.846,0.3,0.4,0.75,0.2,0.9,1.1,0.1,0.6,0.1,0.1,0.8,2.5
399,Norvel Pelle,C,27,TOT,13,0,6.5,0.6,1.2,0.533,0,0,,0.6,1.2,0.533,0.533,0.3,0.5,0.667,0.5,1,1.5,0.2,0.1,0.7,0.2,1.1,1.5
399,Norvel Pelle,C,27,BRK,3,0,9.3,1,2.3,0.429,0,0,,1,2.3,0.429,0.429,0,0,,1,1.3,2.3,0,0,1,1,3,2
399,Norvel Pelle,C,27,SAC,1,0,4,0,1,0,0,0,,0,1,0,0,3,4,0.75,1,0,1,1,0,0,0,1,3
399,Norvel Pelle,C,27,NYK,9,0,5.8,0.6,0.8,0.714,0,0,,0.6,0.8,0.714,0.714,0.1,0.2,0.5,0.2,1,1.2,0.1,0.1,0.7,0,0.4,1.2
400,Reggie Perry,PF,20,BRK,25,0,8.3,1.3,3.1,0.416,0.2,0.8,0.19,1.1,2.2,0.5,0.442,0.4,0.5,0.769,1.1,1.8,2.9,0.6,0.2,0.2,0.6,1.6,3.1
401,Theo Pinson,SG,25,NYK,17,0,2,0.1,0.5,0.111,0,0.5,0,0.1,0.1,1,0.111,0,0,,0,0.3,0.3,0.1,0,0,0.1,0.2,0.1
402,Mason Plumlee,C,30,DET,56,56,26.8,4.2,6.8,0.614,0,0.1,0,4.2,6.7,0.626,0.614,2,3,0.669,2.6,6.7,9.3,3.6,0.8,0.9,1.9,3.3,10.4
403,Jakob Poeltl,C,25,SAS,68,50,26.7,3.8,6.1,0.618,0,0,,3.8,6.1,0.618,0.618,0.9,1.8,0.512,3.2,4.7,7.9,2,0.7,1.8,1.2,2.5,8.5
404,Vincent Poirier,C,27,PHI,10,0,3.9,0.3,1.2,0.25,0,0.1,0,0.3,1.1,0.273,0.25,0.2,0.6,0.333,0.6,0.8,1.4,0.2,0,0.3,0.4,0.8,0.8
405,Aleksej Pokusevski,PF,19,OKC,44,27,23.8,2.9,8.8,0.332,1.2,4.5,0.263,1.8,4.3,0.403,0.398,0.6,0.9,0.737,0.7,4,4.6,2.2,0.5,1,2.1,1.3,7.7
406,Jordan Poole,SG,21,GSW,50,7,19.3,4,9.3,0.43,1.9,5.4,0.349,2.1,3.9,0.541,0.531,2.1,2.3,0.88,0.3,1.5,1.8,2,0.5,0.2,1,1.7,11.9
407,Jontay Porter,PF,21,MEM,11,0,4.9,0.7,1.4,0.533,0.3,0.7,0.375,0.5,0.6,0.714,0.633,0.3,0.5,0.6,0.4,0.9,1.3,0.1,0.3,0.1,0.6,1.1,2
408,Kevin Porter Jr.,SG,20,HOU,26,23,32.1,6,14.1,0.425,1.9,6.2,0.311,4.1,7.9,0.515,0.493,2.7,3.6,0.734,0.8,3,3.8,6.3,0.7,0.3,3.5,2.3,16.6
409,Michael Porter Jr.,SF,22,DEN,60,53,31.6,7.3,13.5,0.544,2.8,6.3,0.444,4.6,7.2,0.63,0.647,1.8,2.2,0.791,1.5,5.9,7.4,1.2,0.7,0.9,1.3,2.1,19.2
410,Otto Porter,SF-PF,27,TOT,28,6,21.6,3.5,8.1,0.432,1.4,3.7,0.375,2.1,4.4,0.48,0.518,1.3,1.5,0.857,1,4.4,5.4,2,0.6,0.1,0.9,1.5,9.7
410,Otto Porter,SF,27,CHI,25,6,21.6,3.6,8.1,0.441,1.5,3.8,0.4,2,4.3,0.477,0.535,1.2,1.5,0.838,1.1,4.4,5.5,2,0.5,0.2,1,1.5,9.9
410,Otto Porter,PF,27,ORL,3,0,22,3,8.3,0.36,0.3,3,0.111,2.7,5.3,0.5,0.38,1.7,1.7,1,0,4.7,4.7,1.7,1.3,0,0,1.3,8
411,Bobby Portis,C,25,MIL,66,7,20.8,4.7,9.1,0.523,1.1,2.4,0.471,3.6,6.7,0.542,0.585,0.8,1.1,0.74,1.9,5.2,7.1,1.1,0.8,0.4,0.8,1.7,11.4
412,Kristaps Porzi??is,C,25,DAL,42,42,31,7.6,16,0.474,2.2,6,0.368,5.4,10,0.538,0.543,2.8,3.2,0.853,2,7,9,1.6,0.5,1.4,1.2,2.7,20.2
413,Dwight Powell,C,29,DAL,57,18,16.5,2.1,3.4,0.618,0.1,0.4,0.238,2,3,0.665,0.631,1.7,2.1,0.779,1.4,2.6,4,1,0.6,0.5,0.7,2.3,5.9
414,Norman Powell,SG-SF,27,TOT,68,57,31.9,6.4,13.4,0.476,2.5,6,0.409,3.9,7.3,0.532,0.569,3.4,3.9,0.868,0.6,2.5,3.1,1.9,1.2,0.3,1.7,2.4,18.6
414,Norman Powell,SG,27,TOR,42,31,30.4,6.7,13.5,0.498,2.8,6.4,0.439,3.9,7.1,0.552,0.602,3.4,3.9,0.865,0.5,2.5,3,1.8,1.1,0.2,1.8,2.3,19.6
414,Norman Powell,SF,27,POR,26,26,34.4,5.8,13.2,0.44,1.9,5.5,0.352,3.9,7.7,0.502,0.513,3.4,3.9,0.873,0.9,2.4,3.3,2,1.3,0.4,1.5,2.4,17
415,Taurean Prince,PF,26,TOT,41,10,22.1,3.2,8,0.401,1.5,3.8,0.4,1.7,4.2,0.401,0.495,1.6,1.9,0.855,0.5,3,3.5,1.9,0.7,0.6,1.1,1.8,9.5
415,Taurean Prince,PF,26,BRK,12,4,18.2,2.5,6.2,0.405,1.1,3.1,0.351,1.4,3.1,0.459,0.493,2,2.3,0.889,0.2,2.7,2.8,0.6,0.7,0.7,0.9,1.8,8.1
415,Taurean Prince,PF,26,CLE,29,6,23.7,3.5,8.7,0.399,1.7,4.1,0.415,1.8,4.7,0.385,0.496,1.4,1.7,0.837,0.6,3.1,3.7,2.4,0.7,0.5,1.2,1.9,10.1
416,Payton Pritchard,SG,23,BOS,65,3,19.2,2.8,6.3,0.446,1.5,3.7,0.417,1.3,2.6,0.488,0.569,0.6,0.7,0.889,0.5,1.8,2.3,1.8,0.6,0.1,0.8,1.6,7.8
417,Immanuel Quickley,PG,21,NYK,63,3,19.5,3.6,9.1,0.398,1.9,4.8,0.393,1.7,4.3,0.403,0.501,2.5,2.8,0.891,0.4,1.8,2.2,2,0.5,0.2,0.9,1.8,11.6
418,Jahmi'us Ramsey,SG,19,SAC,12,0,6.1,0.8,2.4,0.345,0.3,1.3,0.25,0.5,1.1,0.462,0.414,0.3,0.3,1,0.2,0.6,0.8,0.4,0.3,0.1,0.2,0.3,2.3
419,Chasson Randle,PG,27,ORL,40,5,20.3,2.2,5.8,0.383,1.1,3.2,0.339,1.1,2.6,0.437,0.476,0.9,1.2,0.783,0.2,1.8,2,1.8,0.5,0.1,1.1,1.5,6.4
420,Julius Randle,PF,26,NYK,70,70,37.6,8.5,18.6,0.458,2.3,5.5,0.411,6.3,13.1,0.477,0.518,4.9,6,0.811,1.2,9,10.2,6,0.9,0.2,3.4,3.2,24.2
421,Cam Reddish,SF,21,ATL,26,21,28.8,3.7,10.1,0.365,1.3,4.8,0.262,2.4,5.3,0.46,0.428,2.6,3.2,0.817,0.8,3.2,4,1.3,1.3,0.3,1.3,2.6,11.2
422,J.J. Redick,SG,36,TOT,44,0,16.4,2.4,6.1,0.397,1.5,4,0.371,0.9,2,0.449,0.521,1.1,1.2,0.942,0.1,1.4,1.5,1.2,0.3,0.1,0.8,1.1,7.4
422,J.J. Redick,SG,36,NOP,31,0,18.6,2.8,6.9,0.407,1.6,4.5,0.364,1.2,2.4,0.486,0.526,1.5,1.5,0.957,0.1,1.6,1.7,1.3,0.3,0.1,0.8,1.2,8.7
422,J.J. Redick,SG,36,DAL,13,0,11.3,1.5,4.1,0.358,1.2,2.9,0.395,0.3,1.2,0.267,0.5,0.3,0.4,0.8,0.1,0.8,0.9,0.8,0.2,0.1,0.8,1,4.4
423,Paul Reed,PF,21,PHI,25,0,6.2,1.4,2.6,0.538,0,0.2,0,1.4,2.4,0.593,0.538,0,0.2,0.25,0.9,1,2,0.4,0.4,0.5,0.4,1,2.8
424,Naz Reid,C,21,MIN,69,15,19.3,4.3,8.3,0.517,0.8,2.5,0.339,3.5,5.8,0.593,0.568,1.7,2.4,0.693,1.2,3.4,4.6,1,0.5,1.1,1,2.6,11.1
425,Cameron Reynolds,SF,25,TOT,4,0,2.3,0.8,1,0.75,0,0,,0.8,1,0.75,0.75,0,0,,0,0.3,0.3,0,0,0,0,0,1.5
425,Cameron Reynolds,SF,25,SAS,3,0,2,0.3,0.7,0.5,0,0,,0.3,0.7,0.5,0.5,0,0,,0,0,0,0,0,0,0,0,0.7
425,Cameron Reynolds,G,25,HOU,1,0,3,2,2,1,0,0,,2,2,1,1,0,0,,0,1,1,0,0,0,0,0,4
426,Nick Richards,PF,23,CHO,18,0,3.5,0.2,0.5,0.444,0,0.1,0,0.2,0.4,0.5,0.444,0.4,0.6,0.636,0.2,0.4,0.6,0.1,0,0,0.2,0.4,0.8
427,Josh Richardson,SG,27,DAL,58,56,30.5,4.5,10.4,0.429,1.5,4.5,0.331,3,5.9,0.504,0.501,1.7,1.9,0.917,0.8,2.4,3.3,2.6,1.1,0.4,1.3,2.2,12.1
428,Grant Riller,PG,23,CHO,7,0,3.9,1.1,1.7,0.667,0.3,0.6,0.5,0.9,1.1,0.75,0.75,0,0,,0,0.1,0.1,0.4,0.1,0,0.1,0,2.6
429,Austin Rivers,SG,28,TOT,35,6,23.5,2.9,6.9,0.425,1.6,4.2,0.372,1.3,2.6,0.511,0.54,0.6,0.9,0.71,0.2,2.1,2.3,2.2,0.8,0.1,1,1.8,8
429,Austin Rivers,SG,28,NYK,21,2,21,2.8,6.4,0.43,1.3,3.7,0.364,1.4,2.8,0.517,0.533,0.5,0.7,0.714,0.2,2,2.2,2,0.6,0,1,1.5,7.3
429,Austin Rivers,SG,28,DEN,14,4,27.3,3.1,7.5,0.419,1.9,5.1,0.38,1.2,2.4,0.5,0.548,0.9,1.2,0.706,0.2,2.1,2.4,2.6,1.2,0.1,1,2.2,9.1
430,Andre Roberson,SG,29,BRK,5,0,12.6,0.4,2.8,0.143,0.2,1.6,0.125,0.2,1.2,0.167,0.179,0.2,0.4,0.5,1.4,1.6,3,0.8,0.6,0.2,0.4,0.8,1.2
431,Duncan Robinson,SF,26,MIA,71,71,31.6,4.4,10,0.438,3.5,8.6,0.407,0.9,1.5,0.621,0.612,0.9,1.1,0.827,0.1,3.4,3.5,1.8,0.6,0.3,1.1,2.5,13.2
432,Glenn Robinson III,SF,27,SAC,23,2,16,1.8,4.3,0.424,0.7,1.9,0.364,1.1,2.4,0.473,0.505,0.9,1,0.913,0.5,1.5,2,0.9,0.2,0.1,0.5,1,5.3
433,Jerome Robinson,SG,23,WAS,17,6,17.9,1.6,5.6,0.295,0.6,2.5,0.262,1,3.1,0.321,0.353,0.9,1.2,0.8,0.2,2,2.2,1.5,0.7,0.4,1.1,1.8,4.9
434,Justin Robinson,PG,23,OKC,9,0,9.8,0.8,2.3,0.333,0.4,1.6,0.286,0.3,0.8,0.429,0.429,0.3,0.6,0.6,0.1,0.7,0.8,1,0.3,0,0.2,1.1,2.3
435,Mitchell Robinson,C,22,NYK,31,29,27.5,3.7,5.7,0.653,0,0,,3.7,5.7,0.653,0.653,0.8,1.7,0.491,3.6,4.5,8.1,0.5,1.1,1.5,0.8,2.8,8.3
436,Isaiah Roby,PF,22,OKC,60,33,23.6,3.4,7,0.48,0.5,1.8,0.296,2.8,5.2,0.543,0.518,1.5,2,0.744,1.5,4.1,5.6,1.8,0.9,0.6,1.9,2.7,8.7
437,Rajon Rondo,PG,34,TOT,45,3,17.1,2.1,4.8,0.442,0.8,2,0.404,1.3,2.8,0.468,0.526,0.4,0.4,0.941,0.4,2,2.4,4.4,0.8,0.1,1.8,1.2,5.4
437,Rajon Rondo,PG,34,ATL,27,2,14.9,1.6,4.1,0.4,0.6,1.7,0.378,1,2.4,0.415,0.477,0,0.1,0.5,0.1,1.9,2,3.5,0.7,0.1,1.4,0.9,3.9
437,Rajon Rondo,PG,34,LAC,18,1,20.4,2.8,5.8,0.486,1.1,2.4,0.432,1.8,3.4,0.525,0.576,0.8,0.8,1,0.8,2.3,3.1,5.8,1,0.1,2.2,1.6,7.6
438,Derrick Rose,PG,32,TOT,49,3,25.6,5.8,12.3,0.472,1,2.6,0.388,4.8,9.7,0.495,0.513,2.2,2.6,0.865,0.4,2.2,2.6,4.2,1,0.4,1.6,1.1,14.8
438,Derrick Rose,PG,32,DET,15,0,22.8,5.3,12.3,0.429,0.9,2.6,0.333,4.4,9.7,0.455,0.465,2.8,3.3,0.84,0.4,1.5,1.9,4.2,1.2,0.3,1.9,1.1,14.2
438,Derrick Rose,PG,32,NYK,34,3,26.9,6,12.3,0.49,1.1,2.6,0.411,4.9,9.6,0.512,0.535,2,2.2,0.882,0.4,2.5,2.8,4.2,0.9,0.4,1.4,1.1,15.1
439,Terrence Ross,SG,29,ORL,46,2,29.3,5.5,13.4,0.412,1.9,5.7,0.337,3.6,7.7,0.469,0.485,2.6,3,0.87,0.3,3.1,3.4,2.3,1,0.5,1.6,1.9,15.6
440,Terry Rozier,SG,26,CHO,68,68,34.5,7.4,16.4,0.45,3.2,8.3,0.388,4.2,8.1,0.515,0.548,2.4,2.9,0.814,0.7,3.6,4.3,4.2,1.2,0.4,1.9,1.7,20.4
441,Ricky Rubio,PG,30,MIN,67,51,26.1,2.9,7.4,0.388,1,3.2,0.311,1.9,4.2,0.445,0.455,1.9,2.2,0.867,0.4,2.9,3.3,6.4,1.5,0.1,1.6,2.1,8.7
442,D'Angelo Russell,PG,24,MIN,41,25,28.3,6.7,15.4,0.431,2.9,7.3,0.389,3.8,8.1,0.47,0.524,2.7,3.5,0.764,0.4,2.2,2.6,5.7,1,0.4,2.7,1.7,18.9
443,Domantas Sabonis,PF,24,IND,61,61,35.9,7.7,14.5,0.533,0.8,2.6,0.319,6.9,11.9,0.58,0.562,3.9,5.4,0.732,2.4,9.5,11.9,6.7,1.2,0.5,3.4,3.3,20.2
444,Luka ?amani?,PF,21,SAS,33,4,9.3,1.4,3.2,0.448,0.4,1.3,0.279,1.1,1.9,0.565,0.505,0.5,0.9,0.552,0.5,1.6,2.1,0.5,0.2,0.2,0.6,1.3,3.7
445,JaKarr Sampson,PF,27,IND,28,4,10.9,2,3.9,0.509,0.1,0.5,0.2,1.9,3.4,0.558,0.523,0.7,1,0.655,0.9,1.7,2.6,0.1,0.1,0.5,0.5,1.8,4.8
446,Dario ?ari?,C,26,PHO,49,3,17.2,3,6.7,0.445,0.9,2.7,0.348,2.1,4,0.51,0.515,1.7,2,0.848,0.9,2.9,3.8,1.2,0.6,0.1,1.1,1.9,8.7
447,Tom?? Satoransk?,SG,29,CHI,58,18,22.5,2.9,5.7,0.514,0.7,2,0.356,2.2,3.6,0.602,0.578,1.2,1.4,0.848,0.5,1.9,2.4,4.7,0.7,0.2,1.7,1.5,7.7
448,Dennis Schr?der,SG,27,LAL,60,60,32.1,5.5,12.5,0.437,1.2,3.4,0.335,4.3,9.1,0.475,0.483,3.4,4.1,0.848,0.5,3,3.5,5.8,1.1,0.2,2.7,2.6,15.5
449,Mike Scott,PF,32,PHI,50,12,16.5,1.5,4.1,0.365,1,3,0.347,0.4,1.1,0.415,0.493,0.2,0.2,0.667,0.2,2.1,2.4,0.7,0.5,0.3,0.4,1.4,4.2
450,Jay Scrubb,SG,20,LAC,3,1,16,2.3,6.3,0.368,0.7,1.7,0.4,1.7,4.7,0.357,0.421,1.7,1.7,1,0,2.3,2.3,0,1,0,2,1,7
451,Collin Sexton,SG,22,CLE,59,59,35.5,8.8,18.5,0.475,1.6,4.4,0.373,7.2,14.1,0.507,0.52,5.2,6.4,0.812,1,2.2,3.1,4.4,1,0.2,2.8,2.6,24.5
452,Landry Shamet,SG,23,BRK,60,11,23,3,7.5,0.406,2.1,5.4,0.383,1,2,0.467,0.546,1.1,1.3,0.846,0.2,1.7,1.8,1.6,0.5,0.2,0.8,1.5,9.3
453,Iman Shumpert,SG,30,BRK,2,0,5.5,0.5,2,0.25,0,1.5,0,0.5,0.5,1,0.25,0,0,,0.5,0,0.5,0,0.5,0,0.5,0,1
454,Pascal Siakam,PF,26,TOR,56,56,35.8,7.8,17.2,0.455,1.3,4.4,0.297,6.5,12.8,0.509,0.493,4.4,5.4,0.827,1.7,5.5,7.2,4.5,1.1,0.7,2.3,3.1,21.4
455,Chris Silva,PF,24,TOT,15,0,6.1,0.7,1.1,0.625,0.1,0.1,1,0.6,1,0.6,0.656,0.7,1,0.733,0.5,1.3,1.8,0.4,0.1,0.4,0.7,1.6,2.1
455,Chris Silva,PF,24,MIA,11,0,7.5,0.8,1.2,0.692,0.1,0.1,1,0.7,1.1,0.667,0.731,1,1.4,0.733,0.6,1.6,2.3,0.5,0.1,0.5,0.8,1.8,2.7
455,Chris Silva,PF,24,SAC,4,0,2.3,0.3,0.8,0.333,0,0,,0.3,0.8,0.333,0.333,0,0,,0,0.5,0.5,0,0,0.3,0.3,1,0.5
456,Ben Simmons,PG,24,PHI,58,58,32.4,5.6,10.1,0.557,0.1,0.2,0.3,5.6,9.9,0.562,0.56,3,4.9,0.613,1.6,5.6,7.2,6.9,1.6,0.6,3,2.9,14.3
457,Anfernee Simons,SG,21,POR,63,0,17.2,2.6,6.3,0.418,1.9,4.4,0.426,0.7,1.9,0.398,0.567,0.7,0.9,0.8,0.2,2,2.2,1.4,0.3,0.1,0.7,1.5,7.8
458,Deividas Sirvydis,SG,20,DET,20,0,6.7,0.7,2,0.35,0.5,1.4,0.357,0.2,0.6,0.333,0.475,0.2,0.3,0.5,0,1.5,1.5,0.3,0.1,0,0.3,0.5,2.1
459,Alen Smailagi?,PF,20,GSW,15,1,5.6,0.7,1.8,0.407,0.3,0.7,0.4,0.5,1.1,0.412,0.481,0.1,0.4,0.333,0.4,0.7,1.1,0.3,0.2,0.3,0.3,0.7,1.9
460,Marcus Smart,PG,26,BOS,48,45,32.9,4.2,10.6,0.398,1.9,5.9,0.33,2.3,4.8,0.482,0.489,2.7,3.4,0.79,0.8,2.7,3.5,5.7,1.5,0.5,2,2.6,13.1
461,Dennis Smith Jr.,PG,23,TOT,23,9,18.3,2.5,6.3,0.4,0.8,2.5,0.328,1.7,3.8,0.448,0.466,0.8,1.1,0.731,0.5,1.9,2.4,3.3,1,0.6,1.1,1.6,6.7
461,Dennis Smith Jr.,PG,23,NYK,3,0,9.3,0.7,3.3,0.2,0,1.3,0,0.7,2,0.333,0.2,1.7,2,0.833,0,0.7,0.7,1,1,0,0.3,1.3,3
461,Dennis Smith Jr.,PG,23,DET,20,9,19.6,2.8,6.8,0.415,1,2.7,0.352,1.9,4.1,0.457,0.485,0.7,1,0.7,0.6,2.1,2.7,3.7,1,0.7,1.3,1.7,7.3
462,Ish Smith,PG,32,WAS,43,1,20.7,2.8,6.7,0.427,0.4,1.1,0.375,2.4,5.5,0.437,0.458,0.4,0.8,0.576,0.5,2.8,3.3,3.8,0.7,0.3,0.9,1.4,6.5
463,Jalen Smith,PF,20,PHO,26,0,4.4,0.7,1.5,0.436,0.1,0.5,0.231,0.5,1,0.538,0.474,0.2,0.3,0.714,0.3,0.8,1,0.1,0,0.1,0.3,0.5,1.6
464,Tony Snell,SG,29,ATL,46,23,21.1,1.8,3.6,0.512,1.3,2.4,0.569,0.5,1.2,0.4,0.701,0.2,0.2,1,0.4,2,2.4,1.3,0.2,0.2,0.4,1.6,5.2
465,Ray Spalding,C,23,HOU,2,0,9.5,1,2,0.5,0,0.5,0,1,1.5,0.667,0.5,0,1,0,1,1,2,0,0,1,1.5,1.5,2
466,Cassius Stanley,SG,21,IND,24,0,3.9,0.5,1.8,0.302,0.1,0.5,0.231,0.4,1.3,0.333,0.337,0.3,0.4,0.778,0.3,0.5,0.8,0,0,0.1,0,0.6,1.5
467,Lamar Stevens,PF,23,CLE,40,0,12.5,1.6,3.4,0.456,0.1,0.6,0.16,1.5,2.8,0.523,0.471,0.9,1.3,0.725,0.6,1.8,2.4,0.6,0.4,0.3,0.6,1.3,4.1
468,Isaiah Stewart,C,19,DET,68,14,21.4,3.3,6,0.553,0.3,0.9,0.333,3,5.1,0.592,0.578,0.9,1.4,0.696,2.3,4.3,6.7,0.9,0.6,1.3,1,2.7,7.9
469,Max Strus,SF,24,MIA,38,0,12.4,2.1,4.5,0.456,1.2,3.6,0.343,0.8,0.9,0.912,0.594,0.3,0.5,0.65,0.1,0.8,1,0.6,0.3,0.1,0.2,1.1,5.7
470,Edmond Sumner,SG,25,IND,53,24,16.2,2.8,5.3,0.525,0.7,1.7,0.398,2.1,3.7,0.582,0.587,1.3,1.6,0.819,0.3,1.4,1.8,0.9,0.6,0.2,1,1.7,7.5
471,Jae'Sean Tate,SF,25,HOU,69,57,29.3,4.5,9,0.506,0.9,2.8,0.306,3.7,6.2,0.598,0.554,1.5,2.1,0.703,1.9,3.5,5.4,2.5,1.2,0.5,1.4,3.2,11.4
472,Jayson Tatum,SF,22,BOS,64,64,35.8,9.5,20.6,0.459,2.9,7.6,0.386,6.5,13,0.502,0.53,4.6,5.3,0.868,0.8,6.6,7.4,4.3,1.2,0.5,2.7,1.9,26.4
473,Jeff Teague,PG,32,TOT,54,6,17,2.2,5.1,0.432,0.6,1.5,0.418,1.6,3.6,0.438,0.493,1.5,1.7,0.849,0.3,1.3,1.6,2.3,0.6,0.2,1.1,1,6.4
473,Jeff Teague,PG,32,BOS,34,5,18.1,2.3,5.5,0.415,0.8,1.6,0.464,1.5,3.9,0.394,0.484,1.5,1.8,0.836,0.3,1.4,1.7,2.1,0.8,0.2,1.1,1.3,6.9
473,Jeff Teague,PG,32,MIL,20,1,15,2,4.3,0.471,0.4,1.2,0.304,1.7,3.1,0.532,0.512,1.4,1.6,0.875,0.3,1.2,1.4,2.6,0.3,0.2,1.2,0.7,5.8
474,Garrett Temple,SG,34,CHI,55,24,27.3,2.8,6.8,0.412,1.2,3.6,0.333,1.6,3.2,0.5,0.5,0.7,0.9,0.8,0.5,2.3,2.9,2.2,0.8,0.5,1,2.3,7.6
475,Tyrell Terry,PG,20,DAL,11,0,5.1,0.5,1.5,0.313,0,0.6,0,0.5,0.8,0.556,0.313,0.1,0.3,0.333,0,0.5,0.5,0.5,0.5,0,0.2,0.2,1
476,Daniel Theis,C,28,TOT,65,51,24.6,3.9,7.2,0.541,0.8,2.3,0.322,3.1,4.8,0.646,0.593,1.1,1.7,0.673,1.4,4,5.5,1.7,0.6,0.9,1,2.6,9.6
476,Daniel Theis,C,28,BOS,42,37,24.5,3.8,6.9,0.552,0.8,2.3,0.347,3,4.6,0.653,0.609,1.1,1.6,0.687,1.3,4,5.2,1.6,0.6,1,1,2.9,9.5
476,Daniel Theis,C,28,CHI,23,14,25,4,7.7,0.522,0.7,2.5,0.281,3.3,5.3,0.636,0.567,1.2,1.9,0.651,1.7,4.2,5.9,1.8,0.7,0.6,1.1,2,10
477,Brodric Thomas,SG,24,TOT,31,1,11.9,1.1,3.2,0.35,0.5,1.7,0.278,0.6,1.5,0.435,0.425,0.8,1.2,0.703,0.2,1.4,1.6,1,0.4,0.3,0.7,1.2,3.6
477,Brodric Thomas,SG,24,HOU,4,0,6,0.5,1.8,0.286,0.3,1.5,0.167,0.3,0.3,1,0.357,1.3,1.8,0.714,0.3,0.8,1,1,0.3,0.3,1,1.3,2.5
477,Brodric Thomas,SG,24,CLE,27,1,12.7,1.2,3.4,0.355,0.5,1.8,0.292,0.7,1.7,0.422,0.43,0.8,1.1,0.7,0.2,1.4,1.7,1,0.4,0.3,0.7,1.2,3.7
478,Isaiah Thomas,PG,31,NOP,3,0,16,3,9,0.333,1,4,0.25,2,5,0.4,0.389,0.7,0.7,1,0.3,1,1.3,1.7,0.3,0,2,1,7.7
479,Khyri Thomas,SG,24,HOU,5,2,30.6,6.4,13.2,0.485,1.8,5.4,0.333,4.6,7.8,0.59,0.553,1.8,1.8,1,1.4,2.2,3.6,5,1.8,1.2,1.2,1.6,16.4
480,Matt Thomas,SG,26,TOT,44,0,7.4,1.1,2.8,0.4,0.6,1.8,0.338,0.5,1,0.511,0.508,0.3,0.3,0.857,0.2,0.8,1,0.4,0.1,0,0.3,0.4,3.2
480,Matt Thomas,SG,26,TOR,26,0,7.4,0.9,2.4,0.387,0.7,1.6,0.415,0.3,0.8,0.333,0.524,0.2,0.3,0.857,0.1,0.7,0.8,0.3,0.1,0,0.2,0.4,2.7
480,Matt Thomas,SG,26,UTA,18,0,7.3,1.4,3.5,0.413,0.6,2.2,0.256,0.9,1.3,0.667,0.492,0.3,0.4,0.857,0.2,1,1.2,0.6,0.1,0,0.4,0.4,3.8
481,Tristan Thompson,PF,29,BOS,54,43,23.8,3.1,6,0.518,0,0.1,0,3.1,6,0.523,0.518,1.3,2.2,0.592,3.1,5,8.1,1.2,0.4,0.6,1.1,2.2,7.6
482,Sindarius Thornwell,SG,26,TOT,20,1,9.9,0.7,2.2,0.295,0.3,1.1,0.273,0.4,1.1,0.318,0.364,0.1,0.3,0.333,0.2,0.7,0.8,0.9,0.7,0.1,0.3,0.6,1.7
482,Sindarius Thornwell,SG,26,NOP,14,1,5.2,0.5,1.5,0.333,0.2,0.6,0.333,0.3,0.9,0.333,0.405,0,0.1,0,0.1,0.3,0.4,0.3,0.4,0.1,0.3,0.2,1.2
482,Sindarius Thornwell,SG,26,ORL,6,0,20.7,1,3.8,0.261,0.5,2.2,0.231,0.5,1.7,0.3,0.326,0.3,0.7,0.5,0.3,1.5,1.8,2.3,1.3,0.2,0.3,1.5,2.8
483,Matisse Thybulle,SG,23,PHI,65,8,20,1.6,3.7,0.42,0.7,2.2,0.301,0.9,1.5,0.59,0.508,0.1,0.3,0.444,0.5,1.4,1.9,1,1.6,1.1,0.5,2,3.9
484,Killian Tillie,C,22,MEM,18,1,10.1,1.1,3.2,0.333,0.6,1.8,0.303,0.5,1.3,0.375,0.421,0.5,0.6,0.818,0.3,1,1.3,0.4,0.3,0.4,0.1,1.1,3.2
485,Xavier Tillman Sr.,PF,22,MEM,58,12,18.7,2.9,5.1,0.56,0.4,1.1,0.338,2.5,4,0.622,0.597,0.6,0.9,0.642,1.3,3.1,4.4,1.3,0.8,0.6,0.8,2,6.7
486,Anthony Tolliver,PF,35,PHI,10,0,8.6,0.1,1.3,0.077,0.1,1,0.1,0,0.3,0,0.115,0.5,0.6,0.833,0.3,0.6,0.9,0.2,0.3,0.2,0.3,0.6,0.8
487,Obi Toppin,PF,22,NYK,61,0,11,1.7,3.3,0.495,0.4,1.4,0.31,1.2,2,0.625,0.559,0.3,0.4,0.731,0.4,1.8,2.2,0.5,0.3,0.2,0.4,0.9,4
488,Juan Toscano-Anderson,SG,27,GSW,52,16,20.8,2.3,3.9,0.579,0.7,1.7,0.404,1.6,2.2,0.717,0.668,0.4,0.6,0.71,0.6,3.9,4.4,2.9,0.8,0.5,1.2,2.1,5.6
489,Axel Toupane,SF,28,MIL,8,1,7.6,0.5,1.4,0.364,0.1,0.3,0.5,0.4,1.1,0.333,0.409,0.6,0.9,0.714,0,0.8,0.8,0.5,0.3,0.4,0,0.8,1.8
490,Karl-Anthony Towns,C,25,MIN,49,49,33.8,8.6,17.6,0.486,2.5,6.3,0.389,6.1,11.3,0.54,0.556,5.2,6.1,0.857,2.7,7.9,10.6,4.5,0.8,1.2,3.2,3.7,24.8
491,Gary Trent Jr.,SG,22,TOT,58,38,31.1,5.5,13.5,0.408,2.8,7.4,0.385,2.7,6.1,0.435,0.513,1.4,1.8,0.783,0.5,2.2,2.6,1.4,1,0.2,0.7,1.6,15.3
491,Gary Trent Jr.,SG,22,POR,41,23,30.8,5.3,12.8,0.414,3,7.4,0.397,2.3,5.3,0.438,0.53,1.4,1.8,0.773,0.5,1.7,2.2,1.4,0.9,0.1,0.8,1.5,15
491,Gary Trent Jr.,SG,22,TOR,17,15,31.8,6.1,15.4,0.395,2.6,7.3,0.355,3.5,8.1,0.431,0.479,1.5,1.8,0.806,0.4,3.2,3.6,1.3,1.1,0.2,0.7,1.7,16.2
492,P.J. Tucker,PF,35,TOT,52,33,26.1,1.3,3.4,0.373,0.8,2.3,0.336,0.5,1.1,0.448,0.486,0.4,0.5,0.75,1,2.9,3.9,1.2,0.8,0.4,0.8,2.4,3.7
492,P.J. Tucker,PF,35,HOU,32,32,30,1.5,4.1,0.366,0.8,2.7,0.314,0.7,1.4,0.467,0.469,0.6,0.7,0.783,1,3.6,4.6,1.4,0.9,0.6,1,2.8,4.4
492,P.J. Tucker,PF,35,MIL,20,1,19.9,0.9,2.3,0.391,0.7,1.7,0.394,0.3,0.7,0.385,0.533,0.2,0.3,0.6,0.9,1.9,2.8,0.8,0.5,0.1,0.4,1.7,2.6
493,Rayjon Tucker,PG,23,PHI,13,0,3.8,0.4,1,0.385,0.2,0.5,0.286,0.2,0.5,0.5,0.462,0.9,1.1,0.857,0.1,0.6,0.7,0.4,0.2,0,0.2,0.5,1.8
494,Myles Turner,C,24,IND,47,47,31,4.4,9.2,0.477,1.5,4.4,0.335,2.9,4.8,0.606,0.557,2.4,3,0.782,1.3,5.2,6.5,1,0.9,3.4,1.4,3.5,12.6
495,Jonas Valan?i?nas,C,28,MEM,61,60,28.2,7,11.9,0.588,0.3,0.9,0.368,6.7,11,0.607,0.602,2.5,3.2,0.772,4,8.4,12.5,1.8,0.6,0.9,1.6,2.9,16.9
496,Denzel Valentine,SG,27,CHI,61,3,16.6,2.5,6.7,0.373,1.3,3.9,0.328,1.2,2.8,0.438,0.469,0.3,0.3,0.941,0.4,2.8,3.2,1.7,0.5,0.1,0.7,1.1,6.5
497,Jarred Vanderbilt,PF,21,MIN,63,29,17.7,2.2,3.7,0.609,0,0.1,0.25,2.2,3.6,0.615,0.611,0.9,1.6,0.56,1.8,3.9,5.7,1.2,1,0.7,0.8,1.9,5.3
498,Fred VanVleet,SG,26,TOR,52,52,36.5,6.5,16.7,0.389,3.3,9.2,0.366,3.2,7.6,0.416,0.489,3.3,3.7,0.885,0.6,3.6,4.2,6.3,1.7,0.7,1.8,2.3,19.6
499,Anderson Varej?o,C,38,CLE,5,0,7.2,0.8,3.2,0.25,0,0.2,0,0.8,3,0.267,0.25,1,1.8,0.556,1.4,2.6,4,0.6,0,0.4,0.2,0.6,2.6
500,Devin Vassell,SF,20,SAS,61,7,16.9,2,4.8,0.412,0.8,2.4,0.352,1.1,2.4,0.47,0.498,0.7,0.8,0.843,0.4,2.4,2.8,0.9,0.7,0.3,0.3,1.4,5.5
501,Gabe Vincent,PG,24,MIA,49,6,12.6,1.7,4.5,0.371,0.9,2.9,0.303,0.8,1.6,0.494,0.468,0.4,0.5,0.87,0.2,0.8,1,1.2,0.4,0,0.6,1.6,4.6
502,Noah Vonleh,PF,25,BRK,4,0,2.8,0,0.8,0,0,0.5,0,0,0.3,0,0,0,0,,0,0.3,0.3,0.3,0,0,0.5,0.5,0
503,Nikola Vu?evi?,C,30,TOT,70,70,33.5,9.5,19.9,0.477,2.5,6.3,0.4,7,13.7,0.513,0.54,1.9,2.2,0.84,2.1,9.6,11.7,3.8,0.9,0.7,1.8,2,23.4
503,Nikola Vu?evi?,C,30,ORL,44,44,34.1,9.9,20.6,0.48,2.7,6.5,0.406,7.3,14.1,0.515,0.545,2.1,2.5,0.827,2,9.8,11.8,3.8,1,0.6,1.9,1.8,24.5
503,Nikola Vu?evi?,C,30,CHI,26,26,32.6,8.8,18.8,0.471,2.3,5.8,0.388,6.6,12.9,0.509,0.532,1.5,1.8,0.87,2.3,9.3,11.5,3.9,0.9,0.8,1.7,2.2,21.5
504,Dean Wade,PF,24,CLE,62,18,19,2,4.8,0.428,1.2,3.3,0.363,0.9,1.5,0.57,0.552,0.5,0.6,0.769,0.6,2.8,3.3,1.1,0.5,0.3,0.5,1.2,5.8
505,Moritz Wagner,C,23,TOT,44,23,15.6,2.3,5.1,0.446,0.7,2,0.337,1.6,3.1,0.519,0.513,1.5,1.8,0.815,0.6,2.6,3.2,1.1,0.6,0.4,1,2.4,6.7
505,Moritz Wagner,C,23,WAS,25,13,15,2.5,4.9,0.508,0.5,1.7,0.31,2,3.2,0.613,0.561,1.6,2.1,0.788,0.5,2.4,2.9,1.3,0.9,0.3,0.8,2.5,7.1
505,Moritz Wagner,C,23,BOS,9,1,6.8,0.4,1.6,0.286,0.2,0.7,0.333,0.2,0.9,0.25,0.357,0.1,0.2,0.5,0.3,1.8,2.1,0.7,0,0.1,1,1.1,1.2
505,Moritz Wagner,C,23,ORL,10,9,25.1,3.4,8.8,0.386,1.5,4.1,0.366,1.9,4.7,0.404,0.472,2.4,2.7,0.889,1.1,3.9,5,1.1,0.3,0.8,1.2,3.2,10.7
506,Kemba Walker,PG,30,BOS,43,43,31.8,6.6,15.7,0.42,3,8.2,0.36,3.7,7.5,0.486,0.514,3.1,3.5,0.899,0.4,3.6,4,4.9,1.1,0.3,2,1.4,19.3
507,Lonnie Walker,SG,22,SAS,59,37,25.3,4.3,10.2,0.419,1.7,4.7,0.357,2.6,5.5,0.472,0.502,1,1.2,0.814,0.2,2.4,2.6,1.7,0.5,0.3,1.1,1.7,11.2
508,John Wall,PG,30,HOU,40,40,32.2,7.3,18.2,0.404,2,6.2,0.317,5.4,11.9,0.449,0.458,4,5.3,0.749,0.4,2.8,3.2,6.9,1.1,0.8,3.5,1.2,20.6
509,Brad Wanamaker,PG,31,TOT,61,0,17.3,1.9,4.9,0.385,0.3,1.4,0.188,1.6,3.5,0.463,0.411,1.5,1.7,0.891,0.3,1.4,1.7,2.9,0.7,0.2,1.2,1.5,5.5
509,Brad Wanamaker,PG,31,GSW,39,0,16,1.6,4.4,0.353,0.3,1.6,0.213,1.2,2.9,0.429,0.39,1.3,1.4,0.893,0.2,1.5,1.7,2.5,0.7,0.2,0.9,1.4,4.7
509,Brad Wanamaker,PG,31,CHO,22,0,19.5,2.5,5.7,0.429,0.1,1.1,0.125,2.3,4.6,0.5,0.44,1.8,2,0.889,0.5,1.3,1.8,3.4,0.8,0.2,1.5,1.8,6.9
510,T.J. Warren,SF,27,IND,4,4,29.3,6.8,12.8,0.529,0,1.8,0,6.8,11,0.614,0.529,2,2.5,0.8,0.5,3,3.5,1.3,0.5,0,1,4,15.5
511,P.J. Washington,PF,22,CHO,63,60,30.5,4.7,10.7,0.441,1.7,4.5,0.388,3,6.3,0.478,0.521,1.7,2.3,0.745,1.5,5,6.5,2.5,1.1,1.2,2,2.7,12.9
512,Yuta Watanabe,SF,26,TOR,50,4,14.5,1.6,3.6,0.439,0.7,1.8,0.4,0.9,1.8,0.478,0.539,0.5,0.6,0.828,0.7,2.5,3.2,0.8,0.5,0.4,0.4,1.1,4.4
513,Tremont Waters,PG,23,BOS,25,3,8.5,1.1,2.8,0.38,0.5,1.2,0.4,0.6,1.6,0.366,0.465,0.6,0.7,0.941,0.2,0.4,0.6,2.3,0.5,0,1,0.6,3.3
514,Paul Watson,SF,26,TOR,27,2,11,1.4,3,0.463,1.1,2.4,0.469,0.3,0.7,0.444,0.646,0.2,0.3,0.625,0.1,1.5,1.7,0.6,0.2,0.1,0.3,1.3,4.1
515,Quinndary Weatherspoon,SG,24,SAS,19,0,5.7,0.6,1.5,0.379,0,0.3,0,0.6,1.3,0.458,0.379,0.7,0.8,0.813,0.1,0.4,0.5,0.3,0.4,0.1,0.5,0.9,1.8
516,Russell Westbrook,PG,32,WAS,64,64,36.4,8.4,19.1,0.44,1.3,4.1,0.317,7.1,15,0.474,0.474,4.1,6.3,0.653,1.7,9.8,11.5,11.8,1.4,0.4,4.8,2.9,22.2
517,Coby White,PG,20,CHI,68,53,31.3,5.4,13.1,0.415,2.3,6.5,0.357,3.1,6.5,0.473,0.504,1.8,2,0.906,0.4,3.7,4.1,4.8,0.5,0.2,2.2,2.6,15
518,Derrick White,SG,26,SAS,36,32,29.6,5.2,12.6,0.411,2.3,6.8,0.346,2.8,5.8,0.486,0.503,2.7,3.2,0.851,0.4,2.6,3,3.5,0.7,1,1.3,2.5,15.4
519,Hassan Whiteside,C,31,SAC,36,4,15.2,3.5,6.2,0.563,0,0,0,3.5,6.2,0.565,0.563,1.1,2.2,0.519,1.7,4.3,6,0.6,0.3,1.3,1.1,2,8.1
520,Greg Whittington,PF,27,DEN,4,0,3,0,0.8,0,0,0.5,0,0,0.3,0,0,0,0,,0,0,0,0,0,0,0,0,0
521,Andrew Wiggins,PF,25,GSW,70,70,33.2,7.1,14.9,0.476,2,5.2,0.377,5.1,9.7,0.53,0.542,2.4,3.4,0.716,1.1,3.7,4.8,2.4,0.9,1,1.8,2.2,18.6
522,Grant Williams,PF,22,BOS,62,8,17.9,1.7,3.9,0.431,0.7,2,0.362,0.9,1.8,0.509,0.527,0.5,0.8,0.58,0.8,2,2.8,1,0.5,0.4,0.9,2.6,4.5
523,Kenrich Williams,PF,26,OKC,66,13,21.6,3.3,6.2,0.533,0.8,1.8,0.444,2.5,4.5,0.568,0.596,0.5,1,0.571,1.3,2.9,4.1,2.3,0.8,0.3,1.2,2.2,8
524,Lou Williams,PG,34,TOT,65,4,21.6,4,9.8,0.408,1.1,2.7,0.399,3,7.2,0.411,0.462,2.3,2.6,0.865,0.3,1.8,2.1,3.4,0.7,0.1,1.6,0.9,11.4
524,Lou Williams,PG,34,LAC,42,3,21.9,4.3,10.2,0.421,1.1,2.8,0.378,3.2,7.4,0.437,0.473,2.5,2.8,0.866,0.4,1.7,2.1,3.4,0.9,0.1,1.6,1,12.1
524,Lou Williams,PG,34,ATL,23,1,21.3,3.5,9.1,0.381,1,2.3,0.444,2.4,6.8,0.359,0.438,1.9,2.2,0.863,0.3,1.8,2.1,3.3,0.3,0.1,1.7,0.8,9.9
525,Patrick Williams,PF,19,CHI,70,70,27.9,3.6,7.4,0.483,0.8,2,0.394,2.8,5.5,0.514,0.535,1.3,1.7,0.721,0.9,3.7,4.6,1.4,0.9,0.6,1.4,1.8,9.2
526,Robert Williams,C,23,BOS,52,13,18.9,3.6,5,0.721,0,0,0,3.6,4.9,0.727,0.721,0.9,1.4,0.616,2.6,4.3,6.9,1.8,0.8,1.8,1,2,8
527,Zion Williamson,PF,20,NOP,61,61,33.2,10.4,17,0.611,0.2,0.6,0.294,10.2,16.4,0.622,0.616,6,8.7,0.698,2.7,4.5,7.2,3.7,0.9,0.6,2.7,2.2,27
528,D.J. Wilson,PF,24,TOT,35,1,12.4,1.9,4.8,0.405,0.9,2.5,0.345,1.1,2.3,0.469,0.494,0.5,0.7,0.68,0.6,2.6,3.2,0.7,0.3,0.5,0.6,1.3,5.2
528,D.J. Wilson,PF,24,MIL,12,0,8.8,1.3,3.6,0.372,0.8,2.3,0.357,0.5,1.3,0.4,0.488,0.1,0.2,0.5,0.3,1.8,2.1,0.3,0.1,0.3,0.3,1.1,3.6
528,D.J. Wilson,PF,24,HOU,23,1,14.3,2.3,5.4,0.416,0.9,2.6,0.339,1.4,2.9,0.485,0.496,0.7,1,0.696,0.7,3,3.8,0.9,0.4,0.5,0.8,1.3,6.1
529,Dylan Windler,SF,24,CLE,31,0,16.5,1.8,4.2,0.438,0.8,2.5,0.338,1,1.7,0.585,0.538,0.7,0.9,0.778,0.6,2.8,3.5,1.1,0.6,0.4,1,1.2,5.2
530,Justise Winslow,SF,24,MEM,26,1,19.5,2.8,8.1,0.352,0.4,2.1,0.185,2.5,6,0.41,0.376,0.8,1.3,0.571,0.7,3.8,4.5,1.9,0.6,0.5,1.4,1.8,6.8
531,Cassius Winston,PG,22,WAS,22,0,4.5,0.6,1.5,0.424,0.4,0.8,0.471,0.3,0.7,0.375,0.545,0.2,0.3,0.833,0,0.4,0.4,0.5,0.1,0,0.2,0.4,1.9
532,James Wiseman,C,19,GSW,39,27,21.4,4.9,9.4,0.519,0.3,1,0.316,4.6,8.5,0.542,0.535,1.4,2.2,0.628,1.4,4.4,5.8,0.7,0.3,0.9,1.5,3.1,11.5
533,Christian Wood,C,25,HOU,41,41,32.3,8,15.6,0.514,1.9,5,0.374,6.1,10.6,0.581,0.574,3,4.8,0.631,1.9,7.8,9.6,1.7,0.8,1.2,2,2.1,21
534,Robert Woodard,SF,21,SAC,12,0,2.8,0.6,1.3,0.438,0.1,0.5,0.167,0.5,0.8,0.6,0.469,0.3,0.7,0.375,0.3,0.8,1.1,0.1,0,0.2,0.1,0.3,1.5
535,Delon Wright,SG-PG,28,TOT,62,38,27.7,3.8,8.2,0.465,1,2.7,0.377,2.8,5.5,0.507,0.526,1.6,2,0.802,1,3.2,4.3,4.4,1.6,0.5,1.3,1.2,10.3
535,Delon Wright,SG,28,DET,36,31,29.2,3.8,8.1,0.464,0.9,2.5,0.348,2.9,5.7,0.515,0.517,2,2.5,0.789,1,3.5,4.6,5,1.6,0.5,1.3,1.3,10.4
535,Delon Wright,PG,28,SAC,26,7,25.6,3.9,8.3,0.465,1.2,3,0.41,2.7,5.3,0.496,0.539,1.2,1.4,0.833,1.1,2.8,3.9,3.6,1.6,0.3,1.3,1.1,10.2
536,Thaddeus Young,PF,32,CHI,67,22,24.3,5.4,9.7,0.56,0.2,0.7,0.273,5.2,9,0.58,0.569,1,1.6,0.626,2.5,3.7,6.2,4.3,1.1,0.6,2,2.2,12
537,Trae Young,PG,22,ATL,62,62,34,7.8,17.8,0.439,2.2,6.4,0.343,5.6,11.4,0.492,0.5,7.8,8.7,0.887,0.6,3.3,3.9,9.4,0.8,0.2,4.2,1.8,25.5
538,Cody Zeller,C,28,CHO,47,21,20.8,3.8,6.8,0.56,0.1,0.6,0.143,3.7,6.2,0.6,0.566,1.7,2.4,0.708,2.5,4.4,6.9,1.8,0.6,0.4,1.1,2.5,9.4
539,Ivica Zubac,C,23,LAC,71,32,22.6,3.6,5.5,0.652,0,0.1,0.25,3.6,5.5,0.656,0.654,1.9,2.4,0.789,2.7,4.6,7.3,1.3,0.3,0.9,1.1,2.6,9.2
